"ORTODONCIA","BRACKETS ESTETICOS REPOSICION Nº 11 - UNID","MORELLI","UNID",1,"UNID",0,1,360,0,0,360,"-","-","N"
"ORTODONCIA","BRACKETS ESTETICOS REPOSICION Nº 12 - UNID","MORELLI","UNID",1,"UNID",0,1,360,0,0,360,"-","-","N"
"ORTODONCIA","BRACKETS ESTETICOS REPOSICION Nº 13 - UNID","MORELLI","UNID",1,"UNID",0,1,360,0,0,360,"-","-","N"
"ORTODONCIA","BRACKETS ESTETICOS REPOSICION Nº 14 - UNID","MORELLI","UNID",1,"UNID",0,1,360,0,0,360,"-","-","N"
"ORTODONCIA","BRACKETS ESTETICOS REPOSICION Nº 15 - UNID","MORELLI","UNID",1,"UNID",0,1,360,0,0,360,"-","-","N"
"ORTODONCIA","BRACKETS ESTETICOS REPOSICION Nº 21 - UNID","MORELLI","UNID",1,"UNID",0,1,360,0,0,360,"-","-","N"
"ORTODONCIA","BRACKETS ESTETICOS REPOSICION Nº 22 - UNID","MORELLI","UNID",1,"UNID",0,1,360,0,0,360,"-","-","N"
"ORTODONCIA","BRACKETS ESTETICOS REPOSICION Nº 23 - UNID","MORELLI","UNID",1,"UNID",0,1,360,0,0,360,"-","-","N"
"ORTODONCIA","BRACKETS ESTETICOS REPOSICION Nº 24 - UNID","MORELLI","UNID",1,"UNID",0,1,360,0,0,360,"-","-","N"
"ORTODONCIA","BRACKETS ESTETICOS REPOSICION Nº 25 - UNID","MORELLI","UNID",1,"UNID",0,1,360,0,0,360,"-","-","N"
"ORTODONCIA","BRACKETS ESTETICOS REPOSICION Nº 31 - UNID","MORELLI","UNID",1,"UNID",0,1,360,0,0,360,"-","-","N"
"ORTODONCIA","BRACKETS ESTETICOS REPOSICION Nº 32 - UNID","MORELLI","UNID",1,"UNID",0,1,360,0,0,360,"-","-","N"
"ORTODONCIA","BRACKETS ESTETICOS REPOSICION Nº 33 - UNID","MORELLI","UNID",1,"UNID",0,1,360,0,0,360,"-","-","N"
"ORTODONCIA","BRACKETS ESTETICOS REPOSICION Nº 34 - UNID","MORELLI","UNID",1,"UNID",0,1,360,0,0,360,"-","-","N"
"ORTODONCIA","BRACKETS ESTETICOS REPOSICION Nº 35 - UNID","MORELLI","UNID",1,"UNID",0,1,360,0,0,360,"-","-","N"
"ORTODONCIA","BRACKETS ESTETICOS REPOSICION Nº 41 - UNID","MORELLI","UNID",1,"UNID",0,1,360,0,0,360,"-","-","N"
"ORTODONCIA","BRACKETS ESTETICOS REPOSICION Nº 42 - UNID","MORELLI","UNID",1,"UNID",0,1,360,0,0,360,"-","-","N"
"ORTODONCIA","BRACKETS ESTETICOS REPOSICION Nº 43 - UNID","MORELLI","UNID",1,"UNID",0,1,360,0,0,360,"-","-","N"
"ORTODONCIA","BRACKETS ESTETICOS REPOSICION Nº 44 - UNID","MORELLI","UNID",1,"UNID",0,1,360,0,0,360,"-","-","N"
"ORTODONCIA","BRACKETS ESTETICOS REPOSICION Nº 45 - UNID","MORELLI","UNID",1,"UNID",0,1,360,0,0,360,"-","-","N"
"ENDODONCIA","EDTA - FRASCO X 20ML","BIODINAMICA","FRASCO",1,"FRASCO",0,0,360,0,0,360,"-","-","N"
"ENDODONCIA","FORMOCRESOL  - FRASCO X 10ML","BIODINAMICA","FRASCO",1,"FRASCO",0,0,360,0,0,360,"-","-","N"
"ENDODONCIA","OLEO DE LARANJA - FRASCO X  10 ML","BIODINAMICA","FRASCO",1,"FRASCO",0,0,360,0,0,360,"-","-","N"
"ENDODONCIA","EUCALIPTOL (SOLVENTE DE GUTAPERCHA) - FRASCO X 10ML ","MAQUIRA","FRASCO",1,"FRASCO",0,0,360,0,0,360,"-","-","N"
"ORTODONCIA","ALAMBRE # 14 - ROLLO 35MM","MORELLI","ROLLO",1,"ROLLO",0,0,360,0,0,360,"-","-","N"
"ORTODONCIA","ALAMBRE # 16 - ROLLO 40MM","MORELLI","ROLLO",1,"ROLLO",0,0,360,0,0,360,"-","-","N"
"ORTODONCIA","ALAMBRE # 18 - ROLLO 45MM","MORELLI","ROLLO",1,"ROLLO",0,0,360,0,0,360,"-","-","N"
"ORTODONCIA","ALAMBRE # 20 - ROLLO 35MM","MORELLI","ROLLO",1,"ROLLO",0,0,360,0,0,360,"-","-","N"
"ORTODONCIA","ALAMBRE DE LIGADURA # 08 - ROLLO 25MM","MORELLI","ROLLO",1,"ROLLO",0,0,360,0,0,360,"-","-","N"
"ORTODONCIA","ALAMBRE DE LIGADURA # 10 - ROLLO 25MM","MORELLI","ROLLO",1,"ROLLO",0,0,360,0,0,360,"-","-","N"
"ORTODONCIA","ALAMBRE DE LIGADURA # 12 - ROLLO 30MM","MORELLI","ROLLO",1,"ROLLO",0,0,360,0,0,360,"-","-","N"
"ORTODONCIA","ALAMBRE DE LIGADURA # 20 - ROLLO 25MM","MORELLI","ROLLO",1,"ROLLO",0,0,360,0,0,360,"-","-","N"
"ORTODONCIA","ALAMBRE DE RESORTE ABIERTO  - ROLLO ","MORELLI","ROLLO",1,"ROLLO",0,0,360,0,0,360,"-","-","N"
"ORTODONCIA","ALAMBRE VARILLA 16X22 - VARILLA X 10 UNIDADES","MORELLI","VARILLA",1,"VARILLA",0,0,360,0,0,360,"-","-","N"
"ORTODONCIA","ALAMBRE VARILLA 17X25 - VARILLA X 10 UNIDADES","MORELLI","VARILLA",1,"VARILLA",0,0,360,0,0,360,"-","-","N"
"ORTODONCIA","ALAMBRE VARILLA 19X25 - VARILLA X 10 UNIDADES","MORELLI","VARILLA",1,"VARILLA",0,0,360,0,0,360,"-","-","N"
"ORTODONCIA","ARCO NITI ESTETICO INFERIOR # 14 - UNID","MORELLI","UNID",1,"UNID",0,0,360,0,0,360,"-","-","N"
"ORTODONCIA","ARCO NITI ESTETICO INFERIOR # 16 - UNID","MORELLI","UNID",1,"UNID",0,0,360,0,0,360,"-","-","N"
"ORTODONCIA","ARCO NITI ESTETICO INFERIOR # 16X16 - UNID","MORELLI","UNID",1,"UNID",0,0,360,0,0,360,"-","-","N"
"ORTODONCIA","ARCO NITI ESTETICO INFERIOR # 16X22 - UNID","MORELLI","UNID",1,"UNID",0,0,360,0,0,360,"-","-","N"
"ORTODONCIA","ARCO NITI ESTETICO INFERIOR # 18 - UNID","MORELLI","UNID",1,"UNID",0,0,360,0,0,360,"-","-","N"
"ORTODONCIA","ARCO NITI ESTETICO INFERIOR # 18X25 - UNID","MORELLI","UNID",1,"UNID",0,0,360,0,0,360,"-","-","N"
"ORTODONCIA","ARCO NITI ESTETICO INFERIOR # 19X25 - UNID","MORELLI","UNID",1,"UNID",0,0,360,0,0,360,"-","-","N"
"ORTODONCIA","ARCO NITI ESTETICO INFERIOR # 20 - UNID","MORELLI","UNID",1,"UNID",0,0,360,0,0,360,"-","-","N"
"ORTODONCIA","ARCO NITI ESTETICO SUPERIOR # 12 - UNID","MORELLI","UNID",1,"UNID",0,0,360,0,0,360,"-","-","N"
"ORTODONCIA","ARCO NITI ESTETICO SUPERIOR # 14 - UNID","MORELLI","UNID",1,"UNID",0,0,360,0,0,360,"-","-","N"
"ORTODONCIA","ARCO NITI ESTETICO SUPERIOR # 16 - UNID","MORELLI","UNID",1,"UNID",0,0,360,0,0,360,"-","-","N"
"ORTODONCIA","ARCO NITI ESTETICO SUPERIOR # 16X16 - UNID","MORELLI","UNID",1,"UNID",0,0,360,0,0,360,"-","-","N"
"ORTODONCIA","ARCO NITI ESTETICO SUPERIOR # 16X22 - UNID","MORELLI","UNID",1,"UNID",0,0,360,0,0,360,"-","-","N"
"ORTODONCIA","ARCO NITI ESTETICO SUPERIOR # 18 - UNID","MORELLI","UNID",1,"UNID",0,0,360,0,0,360,"-","-","N"
"ORTODONCIA","ARCO NITI ESTETICO SUPERIOR # 18X25 - UNID","MORELLI","UNID",1,"UNID",0,0,360,0,0,360,"-","-","N"
"ORTODONCIA","ARCO NITI ESTETICO SUPERIOR # 19X25 - UNID","MORELLI","UNID",1,"UNID",0,0,360,0,0,360,"-","-","N"
"ORTODONCIA","ARCO NITI ESTETICO SUPERIOR # 20 - UNID","MORELLI","UNID",1,"UNID",0,0,360,0,0,360,"-","-","N"
"ORTODONCIA","PROTECTOR DE MUCUOSA (TALLARIN ) - ROLLO  ","MORELLI","ROLLO",1,"ROLLO",0,0,360,0,0,360,"-","-","N"
"PEDIATRIA","DURAPHAT (BARNIZ DE FLUORURO DE SODIO AL 5%) - TUBO X 10 ML","COLGATE","TUBO",1,"TUBO",0,0,360,0,0,360,"-","-","N"
"TODOS","HILO DENTAL - ROLLO X 500 M","POWERDENT","ROLLO",1,"ROLLO",0,0,360,0,0,360,"-","-","N"
"CIRUGIA","HILO RETRACTOR  #00 - UNID X 244 CM","ULTRAPACK","UNID",1,"UNID",0,0,30,0,0,30,"-","-","N"
"CIRUGIA","HILO RETRACTOR #0 - UNID X 244 CM","ULTRAPACK","UNID",1,"UNID",0,1,30,0,0,30,"-","-","N"
"ESTETICA","PUNTAS NAVI TIPS (IRRIGADOR) - JUEGO X 3 UNID","GENERAL","JERINGA",1,"JERINGA",0,0,30,0,0,30,"-","-","N"
"PROTESIS","ACIDO FLUORHIDRICO PARA PORCELANA 2% - JERINGA X 2.5 ML","FGM ","JERINGA",1,"JERINGA",1,1,120,0,0,120,"-","-","N"
"ORTODONCIA","PROTECTOR DE MUCUOSA (TALLARIN ) - ROLLO X 3 MTS","MORELLI","ROLLO",1,"ROLLO",0,0,540,0,0,540,"-","-","N"
"ESTETICA","HIDROXIDO DE CALCIO  - CAJA X 10 GR",,"CAJA",1,"CAJA",0,0,720,0,0,720,"-","-","N"
"CIRUGIA","ANESTESIA TOPICA EN CREMA   - FRASCO X 12GR","GENERAL","FRASCO",1,"FRASCO",0,1,60,0,0,60,"-","-","N"
"CIRUGIA","LIDOCAINA ANESTESIA SPRAY 10% - FRASCO X 115 ML","ZK-INA ","FRASCO",1,"FRASCO",0,1,60,0,0,60,"-","-","N"
"ESTETICA","CEMENTO RESINOSO DUAL ALLCEM (BASE A2) - UNID X 2.5 GR","FGM","UNID",1,"UNID",0,0,60,0,0,60,"-","-","N"
"ESTETICA","CEMENTO RESINOSO DUAL ALLCEM (CATALIZADOR) - UNID X 2.5 GR","FGM","UNID",1,"UNID",0,0,60,0,0,60,"-","-","N"
"ESTETICA","CEMENTO RESINOSO DUAL ALLCEM (POLVO LIQUIDO) - KIT (POLVO LIQUIDO)","FGM","KIT",1,"KIT",0,0,60,0,0,60,"-","-","N"
"TODOS","ALGODÓN   - ROLLO X 1000GR","CKF-HIDROFILO","ROLLO",1,"ROLLO",0,0,60,0,0,60,"-","-","N"
"TODOS","PAPEL TOALLA - PAQ X 2 ROLLOS","ELITE","PAQUETE",2,"UNID",0,2,120,0,0,60,"-","-","N"
"TODOS","MONOMERO (LIQUIDO RAPIDO)  - FRASCO 240 ML.","VITACRYL","FRASCO",1,"FRASCO",0,0,60,0,0,60,"-","-","N"
"TODOS","KIT SILICONA EN MASA ZETA PLUS - UNID","ZHERMACK","UNID",1,"UNID",0,0,60,0,0,60,"-","-","N"
"TODOS","LIGHT BODY ORAN WASH (ACTIVANTE)   - PASTA 140 ML.","ZHERMACK","PASTA",1,"PASTA",0,0,60,0,0,60,"-","-","N"
"CIRUGIA","ALVEOLEX   - FRASCO X 10 GR.","BIODINAMICA","FRASCO",1,"FRASCO",0,0,90,0,0,90,"-","-","N"
"ENDODONCIA","CONOS DE GUTAPERCHA N°70 - KIT X 6 UNID","DOCHEM","KIT",6,"UNID",2,6,360,0,0,90,"-","-","N"
"ENDODONCIA","CONOS DE GUTAPERCHA N°80 - KIT X 6 UNID","DOCHEM","KIT",6,"UNID",2,6,360,0,0,90,"-","-","N"
"ENDODONCIA","EUGENOL - FRASCO X 15 ML","MOYCO","FRASCO",1,"FRASCO",0,1,90,0,0,90,"-","-","N"
"ESTETICA","CINTA MATRIZ 5MM - ROLLO  0,05X500MM","GENERAL","ROLLO",1,"ROLLO",0,0,90,0,0,90,"-","-","N"
"ESTETICA","CINTA MATRIZ 6MM - ROLLO 0,07X500MM","GENERAL","ROLLO",1,"ROLLO",0,0,90,0,0,90,"-","-","N"
"ESTETICA","CINTA MATRIZ 7MM - ROLLO 0,07X500MM","GENERAL","ROLLO",1,"ROLLO",0,0,90,0,0,90,"-","-","N"
"ESTETICA","IONOMERO DE CEMENTACION - KIT (POLVO 30 GR, LIQUIDO 12ML)","KETAC CEM","KIT",1,"KIT",0,0,90,0,0,90,"-","-","N"
"ESTETICA","IONOMERO DE RESTAURACION  - KIT (POLVO 12.5 GR, LIQUIDO8.5 ML)","KETAC MOLAR","KIT",1,"KIT",0,0,90,0,0,90,"-","-","N"
"ESTETICA","IONOMERO DE BASE  (LIQUIDO 12 ML) - EMBASE LIQUIDO 12 ML","KETACBOND","EMBASE",1,"EMBASE",0,0,90,0,0,90,"-","-","N"
"ESTETICA","IONOMERO DE BASE  (POLVO 10 GR) - EMBASE POLVO 10 GR,","KETACBOND","EMBASE",1,"EMBASE",0,0,90,0,0,90,"-","-","N"
"ESTETICA","IONOMERO DE BASE  (POLVO 33 GR, LIQUIDO) - KIT (POLVO 33 GR, LIQUIDO)","KETACBOND","KIT",1,"KIT",0,0,90,0,0,90,"-","-","N"
"ESTETICA","IONOMERO DE CEMENTACION - KIT (POLVO 30 GR, LIQUIDO 12ML)","MAXXION","KIT",1,"KIT",0,0,90,0,0,90,"-","-","N"
"ESTETICA","IONOMERO DE RESTAURACION - KIT (POLVO 15G,  LIQUIDO 10G)","MAXXION","KIT",1,"KIT",0,0,90,0,0,90,"-","-","N"
"ORTODONCIA","CADENA DE PODER (CORTO) - ROLLO 4.50 M","MORELLI","ROLLO",1,"ROLLO",0,0,90,0,0,90,"-","-","N"
"ORTODONCIA","CADENA DE PODER (INTERMEDIO) - ROLLO 4.50 M","MORELLI","ROLLO",1,"ROLLO",0,0,90,0,0,90,"-","-","N"
"REHABILITACION","HEMOSTATICO - FRASCO X 10 ML","MAQUIRA","FRASCO",1,"FRASCO",0,0,90,0,0,90,"-","-","N"
"REHABILITACION","PASTA ZINQUENOLICA - KIT(ZINC OXIDE X 150G-EUGENOL X60G)","PERFEX","KIT",1,"KIT",0,0,90,0,0,90,"-","-","N"
"TODOS","ESCOBILLA DE ROBINSON - UNID","GENERAL","UNID",1,"UNID",0,0,90,0,0,90,"-","-","N"
"TODOS","FRESA PARA CIRUGIA - UNID","GENERAL","UNID",1,"UNID",0,0,90,0,0,90,"-","-","N"
"TODOS","FRESA TRONCOCONICA PUNTA REDONDA - UNID","GENERAL","UNID",1,"UNID",0,0,90,0,0,90,"-","-","N"
"TODOS","GOMAS DE PULIDO PARA ACRILICO - UNID","GENERAL","UNID",1,"UNID",0,0,90,0,0,90,"-","-","N"
"TODOS","PIEDRAS DE ACRILICO ROSADO - UNID","GENERAL","UNID",1,"UNID",0,0,90,0,0,90,"-","-","N"
"TODOS","VASELINA - UNID","GENERAL","UNID",1,"UNID",0,0,90,0,0,90,"-","-","N"
"TODOS","CLORHEXIDINA 2% - FRASCO X 1 00 ML LIQUIDO","LAB DELTA QUIMICA","FRASCO",1,"FRASCO",0,0,90,0,0,90,"-","-","N"
"ESTETICA","VITREMER  - KIT(5GR./2.5ML.+ PRIMER 2ML)","GENERAL","KIT",1,"KIT",0,0,90,0,0,90,"-","-","N"
"ESTETICA","ADHESIVO   (BOND 2.1, PRIME BOND 2.1) - FRASCO X 4 ML","GENERAL","FRASCO",1,"FRASCO",0,1,30,0,0,30,"-","-","N"
"PROTESIS","CERA AMARILLA PEGAJOSA - CAJA X 10 BARRAS","TOP WAX","CAJA",10,"UNID",0,1,30,0,0,30,"-","-","N"
"TODOS","ACEITE LUBRICANTE (PARA PIEZA DE MANO) - SPRAY 480 ML","GENERAL","SPRAY",1,"SPRAY",1,1,30,0,0,30,"-","-","N"
"ENDODONCIA","CEMENTO ENDODONTICO  SEALER 26 - KIT"," DENSTPLY","KIT",1,"KIT",0,1,150,0,0,150,"-","-","N"
"IMPLANTE","RESINA ACRILICA PATTER  - KIT (POLVO 25gr, LIQUIDO 20 ml)","KOTA","KIT",1,"KIT",0,1,0,0,0,150,"-","-","N"
"PROTESIS","CEMENTO PROVISIONAL  - KIT","GENERAL","KIT",1,"KIT",0,0,150,0,0,150,"-","-","N"
"TODOS","GOMAS DE PULIDO PARA PORCELANA - UNID","GENERAL","UNID",1,"UNID",0,0,150,0,0,150,"-","-","N"
"CIRUGIA","ALCOHOL YODADO - FRASCO X 1 LT","GENERAL","FRASCO",1,"FRASCO",0,0,180,0,0,180,"-","-","N"
"ENDODONCIA","LIMAS HEDSTROEN  MAILLEFER 21 MM # 15 - UNID","DENTSPLY","UNID",1,"UNID",0,0,180,0,0,180,"-","-","N"
"ENDODONCIA","LIMAS HEDSTROEN MAILLEFER 21 MM # 20 - UNID","DENTSPLY","UNID",1,"UNID",0,0,180,0,0,180,"-","-","N"
"ENDODONCIA","LIMAS HEDSTROEN MAILLEFER 21 MM # 25 - UNID","DENTSPLY","UNID",1,"UNID",0,0,180,0,0,180,"-","-","N"
"ENDODONCIA","LIMAS HEDSTROEN MAILLEFER 21 MM # 30 - UNID","DENTSPLY","UNID",1,"UNID",0,0,180,0,0,180,"-","-","N"
"ENDODONCIA","LIMAS HEDSTROEN MAILLEFER 21 MM # 35 - UNID","DENTSPLY","UNID",1,"UNID",0,0,180,0,0,180,"-","-","N"
"ENDODONCIA","LIMAS HEDSTROEN MAILLEFER 21 MM # 40 - UNID","DENTSPLY","UNID",1,"UNID",0,0,180,0,0,180,"-","-","N"
"ENDODONCIA","LIMAS HEDSTROEN MAILLEFER 21 MM # 45 - UNID","DENTSPLY","UNID",1,"UNID",0,0,180,0,0,180,"-","-","N"
"ENDODONCIA","LIMAS HEDSTROEN MAILLEFER 21 MM # 50 - UNID","DENTSPLY","UNID",1,"UNID",0,0,180,0,0,180,"-","-","N"
"ENDODONCIA","LIMAS HEDSTROEN MAILLEFER 21 MM # 55 - UNID","DENTSPLY","UNID",1,"UNID",0,0,180,0,0,180,"-","-","N"
"ENDODONCIA","LIMAS HEDSTROEN MAILLEFER 21 MM # 60 - UNID","DENTSPLY","UNID",1,"UNID",0,0,180,0,0,180,"-","-","N"
"ENDODONCIA","LIMAS HEDSTROEN MAILLEFER 21 MM # 70 - UNID","DENTSPLY","UNID",1,"UNID",0,0,180,0,0,180,"-","-","N"
"ENDODONCIA","LIMAS HEDSTROEN MAILLEFER 21 MM # 80 - UNID","DENTSPLY","UNID",1,"UNID",0,0,180,0,0,180,"-","-","N"
"ENDODONCIA","LIMAS HEDSTROEN MAILLEFER 25 MM # 15 - UNID","DENTSPLY","UNID",1,"UNID",0,0,180,0,0,180,"-","-","N"
"ENDODONCIA","LIMAS HEDSTROEN MAILLEFER 25 MM # 20 - UNID","DENTSPLY","UNID",1,"UNID",0,0,180,0,0,180,"-","-","N"
"ENDODONCIA","LIMAS HEDSTROEN MAILLEFER 25 MM # 25 - UNID","DENTSPLY","UNID",1,"UNID",0,0,180,0,0,180,"-","-","N"
"ENDODONCIA","LIMAS HEDSTROEN MAILLEFER 25 MM # 30 - UNID","DENTSPLY","UNID",1,"UNID",0,0,180,0,0,180,"-","-","N"
"ENDODONCIA","LIMAS HEDSTROEN MAILLEFER 25 MM # 35 - UNID","DENTSPLY","UNID",1,"UNID",0,0,180,0,0,180,"-","-","N"
"ENDODONCIA","LIMAS HEDSTROEN MAILLEFER 25 MM # 40 - UNID","DENTSPLY","UNID",1,"UNID",0,0,180,0,0,180,"-","-","N"
"ENDODONCIA","LIMAS HEDSTROEN MAILLEFER 25 MM # 45 - UNID","DENTSPLY","UNID",1,"UNID",0,0,180,0,0,180,"-","-","N"
"ENDODONCIA","LIMAS HEDSTROEN MAILLEFER 25 MM # 50 - UNID","DENTSPLY","UNID",1,"UNID",0,0,180,0,0,180,"-","-","N"
"ENDODONCIA","LIMAS HEDSTROEN MAILLEFER 25 MM # 55 - UNID","DENTSPLY","UNID",1,"UNID",0,0,180,0,0,180,"-","-","N"
"ENDODONCIA","LIMAS HEDSTROEN MAILLEFER 25 MM # 60 - UNID","DENTSPLY","UNID",1,"UNID",0,0,180,0,0,180,"-","-","N"
"ENDODONCIA","LIMAS HEDSTROEN MAILLEFER 25 MM # 70 - UNID","DENTSPLY","UNID",1,"UNID",0,0,180,0,0,180,"-","-","N"
"ENDODONCIA","OXIDO DE ZINC  - FRASCO X 450 GR.","MOYCO","FRASCO",1,"FRASCO",0,0,180,0,0,180,"-","-","N"
"ENDODONCIA","CALEM  PMCC (PASTA DE HIDROXIDO DE CALCIO) - KIT X 2  (PASTA X 2,7G, GL X 2,2 G)","WHITE","KIT",1,"KIT",0,0,180,0,0,180,"-","-","N"
"ESTETICA","DYCAL  - CAJA X 2 TUBOS DE 12 GR","DENTSPLY","CAJA",1,"CAJA",0,0,180,0,0,180,"-","-","N"
"ESTETICA","CEMENTO DE FOSFATO DE ZINC (OXIFOSFATO) - KIT (LIQ. POLVO)","GENERAL","KIT",1,"KIT",0,0,180,0,0,180,"-","-","N"
"ESTETICA","PASTA PROFILACTICA - FRASCO X  50 GR","GENERAL","FRASCO",1,"FRASCO",0,0,180,0,0,180,"-","-","N"
"ORTODONCIA","CUÑAS DE ROTACION (VIENE EN FORMA DE LLAVE) - BASTON X 10 UND","GENERAL","BASTON",10,"UNID",0,0,180,0,0,180,"-","-","N"
"ORTODONCIA","CADENA DE PODER (LARGO) - ROLLO 4.50 M","MORELLI","ROLLO",1,"ROLLO",0,0,180,0,0,180,"-","-","N"
"ORTODONCIA","SEPARADORES - PQT X 1000 UND","MORELLI","PAQUETE",1,"PAQUETE",0,1,180,0,0,180,"-","-","N"
"TODOS","PERIOAID GRANDE 500 ML - BOTELLA X 5000 ML.","DENTAID","BOTELLA",1,"BOTELLA",0,0,180,0,0,180,"-","-","N"
"TODOS","ESPASIADOR # 25 X 25 MM - UNID","GENERAL","UNID",1,"UNID",0,0,180,0,0,180,"-","-","N"
"TODOS","ESPASIADOR # 30 X 25 MM - UNID","GENERAL","UNID",1,"UNID",0,0,180,0,0,180,"-","-","N"
"TODOS","GASA - ROLLO DE 100 YD X 1 YD","GENERAL","ROLLO",1,"ROLLO",0,0,180,0,0,180,"-","-","N"
"TODOS","GOMAS DE PULIDO PARA RESINA - UNID","GENERAL","UNID",1,"UNID",0,0,180,0,0,180,"-","-","N"
"TODOS","LIQUIDO REVELADOR - BOTELLA X 1 L","GENERAL","BOTELLA",1,"BOTELLA",0,0,180,0,0,180,"-","-","N"
"TODOS","ROLLO DE PLASTICO PARA ESTERILIZAR - ROLLO","GENERAL","ROLLO",1,"ROLLO",0,0,180,0,0,180,"-","-","N"
"TODOS","ALCOHOL MEDICINAL - FRASCOX 1000 ML","PORTUGAL","FRASCO",1,"FRASCO",0,0,180,0,0,180,"-","-","N"
"ORTODONCIA","BENGALAS ( DONAS O ELASTICOS) CON DISEÑO MIKEY Y HELLO KITY - PAQ X 10 BENGALAS","GENERAL","PAQUETE",10,"UNID",0,0,360,0,0,360,"-","-","N"
"ORTODONCIA","BRACKESTS EDWICE # 11 - UNID","MORELLI","UNID",1,"UNID",0,1,360,0,0,360,"-","-","N"
"ORTODONCIA","BRACKESTS EDWICE # 12 - UNID","MORELLI","UNID",1,"UNID",0,1,360,0,0,360,"-","-","N"
"ORTODONCIA","BRACKESTS EDWICE # 13 - UNID","MORELLI","UNID",1,"UNID",0,1,360,0,0,360,"-","-","N"
"ORTODONCIA","BRACKESTS EDWICE # 14 - UNID","MORELLI","UNID",1,"UNID",0,1,360,0,0,360,"-","-","N"
"ORTODONCIA","BRACKESTS EDWICE # 15 - UNID","MORELLI","UNID",1,"UNID",0,1,360,0,0,360,"-","-","N"
"ORTODONCIA","BRACKESTS EDWICE # 21 - UNID","MORELLI","UNID",1,"UNID",0,1,360,0,0,360,"-","-","N"
"ORTODONCIA","BRACKESTS EDWICE # 22 - UNID","MORELLI","UNID",1,"UNID",0,1,360,0,0,360,"-","-","N"
"ORTODONCIA","BRACKESTS EDWICE # 23 - UNID","MORELLI","UNID",1,"UNID",0,1,360,0,0,360,"-","-","N"
"ORTODONCIA","BRACKESTS EDWICE # 24 - UNID","MORELLI","UNID",1,"UNID",0,1,360,0,0,360,"-","-","N"
"ORTODONCIA","BRACKESTS EDWICE # 25 - UNID","MORELLI","UNID",1,"UNID",0,1,360,0,0,360,"-","-","N"
"ORTODONCIA","BRACKESTS EDWICE # 31 - UNID","MORELLI","UNID",1,"UNID",0,1,360,0,0,360,"-","-","N"
"ORTODONCIA","BRACKESTS EDWICE # 32 - UNID","MORELLI","UNID",1,"UNID",0,1,360,0,0,360,"-","-","N"
"ORTODONCIA","BRACKESTS EDWICE # 33 - UNID","MORELLI","UNID",1,"UNID",0,1,360,0,0,360,"-","-","N"
"ORTODONCIA","BRACKESTS EDWICE # 34 - UNID","MORELLI","UNID",1,"UNID",0,1,360,0,0,360,"-","-","N"
"ORTODONCIA","BRACKESTS EDWICE # 35 - UNID","MORELLI","UNID",1,"UNID",0,1,360,0,0,360,"-","-","N"
"ORTODONCIA","BRACKESTS EDWICE # 41 - UNID","MORELLI","UNID",1,"UNID",0,1,360,0,0,360,"-","-","N"
"ORTODONCIA","BRACKESTS EDWICE # 42 - UNID","MORELLI","UNID",1,"UNID",0,1,360,0,0,360,"-","-","N"
"ORTODONCIA","BRACKESTS EDWICE # 43 - UNID","MORELLI","UNID",1,"UNID",0,1,360,0,0,360,"-","-","N"
"ORTODONCIA","BRACKESTS EDWICE # 44 - UNID","MORELLI","UNID",1,"UNID",0,1,360,0,0,360,"-","-","N"
"ORTODONCIA","BRACKESTS EDWICE # 45 - UNID","MORELLI","UNID",1,"UNID",0,1,360,0,0,360,"-","-","N"
"ESTETICA","ADHESIVO   - FRASCO X 6 GR","3M ESPE -Z250","FRASCO",1,"FRASCO",0,1,60,0,0,,"-","-","N"
"ESTETICA","ADHESIVO   X 1 ML - FRASCO X 6 GR","PALFIQUE BOND","FRASCO",1,"FRASCO",0,1,60,0,0,,"-","-","N"
"ESTETICA","MICROBRUSH 1 MM (BLANCO / ROSADO) - PAQ X 100 UNID","DOCHEM","PAQUETE",100,"UNID",0,1,30,0,0,30,"-","-","N"
"ESTETICA","MICROBRUSH 1.5 MM (AZUL / AMARILLO) - PAQ X 100 UNID","DOCHEM","PAQUETE",100,"UNID",0,1,30,0,0,30,"-","-","N"
"ESTETICA","MICROBRUSH 2 MM (VERDE / NARANJA) - PAQ X 100 UNID","DOCHEM","PAQUETE",100,"UNID",0,1,30,0,0,30,"-","-","N"
"PROTESIS","PROVICOL - KIT(BASE 42G X CATALIZADOR 15G)","DENTSPLY","KIT",1,"KIT",0,0,30,0,0,30,"-","-","N"
"PROTESIS","INDURENT GEL (CATALIZADOR)  - TUBO X 60 ML","ZHERMACK","TUBO",1,"TUBO",0,1,30,0,0,30,"-","-","N"
"TODOS","AGUA OXIGENADA - FRASCO X 1000 ML","PORTUGAL","FRASCO",1,"FRASCO",0,1,30,0,0,30,"-","-","N"
"ESTETICA","PAPEL DE ARTICULAR HEMIARCADA - CAJA X 12 BLISTER","GENERAL","CAJA",12,"UNID",2,12,90,0,0,30,"-","-","N"
"PEDIATRIA","BABEROS PEDIATRICOS - UNID","GENERAL","UNID",1,"UNID",0,0,360,0,0,"P","-","-","N"
"PEDIATRIA","IONOSIAL FOTOCURABLE  3 GR - JERINGA X 3 GR","VOCO","JERINGA",1,"JERINGA",0,0,90,0,0,"P","-","-","N"
"TODOS","LIMPIA FRESAS - UNID","GENERAL","UNID",1,"UNID",0,0,150,0,0,"P","-","-","N"
"TODOS","PIEDRAS ARCANZAS - UNID","GENERAL","UNID",1,"UNID",0,0,90,0,0,"P","-","-","N"
"TODOS","TIRA NERVIOS ( SOLO NIÑOS ODONTOPEDIATRIA) - UNID","GENERAL","UNID",1,"UNID",0,0,90,0,0,"P","-","-","N"
"TODOS","PINCEL PARA LABORATORIO - UNID","KOLINSKY","UNID",1,"UNID",0,0,90,0,0,"P","-","-","N"
"TODOS","SUERO FISIOLOGICO - UNID X 1000 ML","GENERAL","UNID",1,"UNID",0,1,30,0,0,15,"-","-","N"
"ESTETICA","BLANQUEAMIENTO WITHENNES AL 35 % PEROXIDO DE HIDROGENO - KIT","FGM","KIT",1,"KIT",0,1,30,0,0,"P","-","-","N"
"ESTETICA","BLANQUEAMIENTO WITHENNES SUPER ENDO 37%  - KIT","FGM","KIT",1,"KIT",0,1,30,0,0,"P","-","-","N"
"PEDIATRIA","DORMONID (SEDANTE) - CAPSULA DE 15 GR.","GENERAL","CAPSULA",1,"CAPSULA",0,0,90,0,0,"P","-","-","N"
"ORTODONCIA","ARCO THERMO # 12  - PAQUETE X 10 UNID","MORELLI","PAQUETE",10,"UNID",2,5,360,0,1,360,"-","-","N"
"ORTODONCIA","ARCO THERMO # 14 - PAQUETE X 10 UNID","MORELLI","PAQUETE",10,"UNID",2,5,360,0,1,360,"-","-","N"
"ORTODONCIA","ARCO THERMO # 16 - PAQUETE X 10 UNID","MORELLI","PAQUETE",10,"UNID",2,5,360,0,1,360,"-","-","N"
"ORTODONCIA","ARCO THERMO # 18 - PAQUETE X 10 UNID","MORELLI","PAQUETE",10,"UNID",2,5,360,0,1,360,"-","-","N"
"ORTODONCIA","ARCO THERMO # 20 - PAQUETE X 10 UNID","MORELLI","PAQUETE",10,"UNID",2,5,360,0,1,360,"-","-","N"
"ESTETICA","ACIDO FOSFORICO 37% - FRASCO X 13 GR.","ETCHANTGEL","FRASCO",1,"FRASCO",0,1,30,0,1,15,"-","-","N"
"ORTODONCIA","ARCO  CURVA REVERSA INFERIOR #12 - PAQUETE X 10 UNID","MORELLI","PAQUETE",10,"UNID",2,5,1080,0,1,1080,"-","-","N"
"ORTODONCIA","ARCO  CURVA REVERSA INFERIOR #14 - PAQUETE X 10 UNID","MORELLI","PAQUETE",10,"UNID",2,5,1080,0,1,1080,"-","-","N"
"ORTODONCIA","ARCO  CURVA REVERSA INFERIOR #16 - PAQUETE X 10 UNID","MORELLI","PAQUETE",10,"UNID",2,5,1080,0,1,1080,"-","-","N"
"ORTODONCIA","ARCO  CURVA REVERSA INFERIOR #18 - PAQUETE X 10 UNID","MORELLI","PAQUETE",10,"UNID",2,5,1080,0,1,1080,"-","-","N"
"ORTODONCIA","ARCO  CURVA REVERSA SUPERIOR #12 - PAQUETE X 10 UNID","MORELLI","PAQUETE",10,"UNID",2,5,1080,0,1,1080,"-","-","N"
"ORTODONCIA","ARCO  CURVA REVERSA SUPERIOR #14 - PAQUETE X 10 UNID","MORELLI","PAQUETE",10,"UNID",2,5,1080,0,1,1080,"-","-","N"
"ORTODONCIA","ARCO  CURVA REVERSA SUPERIOR #16 - PAQUETE X 10 UNID","MORELLI","PAQUETE",10,"UNID",2,5,1080,0,1,1080,"-","-","N"
"ORTODONCIA","ARCO  CURVA REVERSA SUPERIOR #18 - PAQUETE X 10 UNID","MORELLI","PAQUETE",10,"UNID",2,5,1080,0,1,1080,"-","-","N"
"ORTODONCIA","MASCARA FACIAL PETIT - UNID","MORELLI","UNID",1,"UNID",1,2,180,0,1,180,"-","-","N"
"ORTODONCIA","BENGALAS COLOR AMARELO - PAQ X 10 BENGALAS","GENERAL","PAQUETE",10,"UNID",5,10,30,0,1,7,"-","-","N"
"ORTODONCIA","BENGALAS COLOR LARANJA CRISTAL - PAQ X 10 BENGALAS","GENERAL","PAQUETE",10,"UNID",5,10,30,0,1,7,"-","-","N"
"ORTODONCIA","BENGALAS COLOR LILA - PAQ X 10 BENGALAS","GENERAL","PAQUETE",10,"UNID",5,10,30,0,1,7,"-","-","N"
"ORTODONCIA","BENGALAS COLOR PRETO - PAQ X 10 BENGALAS","GENERAL","PAQUETE",10,"UNID",5,10,30,0,1,7,"-","-","N"
"ORTODONCIA","BENGALAS COLOR VERDE MAR - PAQ X 10 BENGALAS","GENERAL","PAQUETE",10,"UNID",5,10,30,0,1,7,"-","-","N"
"ORTODONCIA","BENGALAS COLOR VERDE MUSGO - PAQ X 10 BENGALAS","GENERAL","PAQUETE",10,"UNID",5,10,30,0,1,7,"-","-","N"
"ORTODONCIA","BENGALAS COLOR VERDE PÉROLA - PAQ X 10 BENGALAS","GENERAL","PAQUETE",10,"UNID",5,10,30,0,1,7,"-","-","N"
"ORTODONCIA","BENGALAS COLOR VERMELHO CRISTAL - PAQ X 10 BENGALAS","GENERAL","PAQUETE",10,"UNID",5,10,30,0,1,7,"-","-","N"
"ORTODONCIA","BENGALAS COLOR AZUL - PAQ X 10 BENGALAS","MORELLI","PAQUETE",10,"UNID",5,10,30,0,1,7,"-","-","N"
"ORTODONCIA","BENGALAS COLOR AZUL BEBE - PAQ X 10 BENGALAS","MORELLI","PAQUETE",10,"UNID",5,10,30,0,1,7,"-","-","N"
"ORTODONCIA","BENGALAS COLOR AZUL CRISTAL - PAQ X 10 BENGALAS","MORELLI","PAQUETE",10,"UNID",5,10,30,0,1,7,"-","-","N"
"ORTODONCIA","BENGALAS COLOR AZUL MARINO - PAQ X 10 BENGALAS","MORELLI","PAQUETE",10,"UNID",5,10,30,0,1,7,"-","-","N"
"ORTODONCIA","BENGALAS COLOR BRANCO RENDA - PAQ X 10 BENGALAS","MORELLI","PAQUETE",10,"UNID",5,10,30,0,1,7,"-","-","N"
"ORTODONCIA","BENGALAS COLOR PINK CRISTAL - PAQ X 10 BENGALAS","MORELLI","PAQUETE",10,"UNID",5,10,30,0,1,7,"-","-","N"
"ORTODONCIA","BENGALAS COLOR PRATEADO - PAQ X 10 BENGALAS","MORELLI","PAQUETE",10,"UNID",5,10,30,0,1,7,"-","-","N"
"ORTODONCIA","BENGALAS COLOR ROSA - PAQ X 10 BENGALAS","MORELLI","PAQUETE",10,"UNID",5,10,30,0,1,7,"-","-","N"
"ORTODONCIA","BENGALAS COLOR ROSA BEBE - PAQ X 10 BENGALAS","MORELLI","PAQUETE",10,"UNID",5,10,30,0,1,7,"-","-","N"
"ORTODONCIA","BENGALAS COLOR ROSA PEROLA - PAQ X 10 BENGALAS","MORELLI","PAQUETE",10,"UNID",5,10,30,0,1,7,"-","-","N"
"ORTODONCIA","BENGALAS COLOR ROXO - PAQ X 10 BENGALAS","MORELLI","PAQUETE",10,"UNID",5,10,30,0,1,7,"-","-","N"
"ORTODONCIA","BENGALAS COLOR VERDE CRISTAL - PAQ X 10 BENGALAS","MORELLI","PAQUETE",10,"UNID",5,10,30,0,1,7,"-","-","N"
"ORTODONCIA","BENGALAS COLOR VERMELHO - PAQ X 10 BENGALAS","MORELLI","PAQUETE",10,"UNID",5,10,30,0,1,7,"-","-","N"
"ESTETICA","RESINA (Z250) A3.5 - JERINGA X 4GR.","3M","JERINGA",1,"JERINGA",0,1,30,0,1,30,"-","-","N"
"ESTETICA","RESINA (Z250) B2 - JERINGA X 4GR.","3M ","JERINGA",1,"JERINGA",0,1,30,0,1,30,"-","-","N"
"ESTETICA","SILANO - FRASCO X 5ML","ANGELUS","FRASCO",1,"FRASCO",0,1,30,0,1,30,"-","-","N"
"ESTETICA","RESINA LLIS EA2 - JERINGA X 2 GR.","FGM","JERINGA",1,"JERINGA",0,1,30,0,1,30,"-","-","N"
"ESTETICA","RESINA FLUIDA  A1 (OPALLIS, MASTER FLOW, WAVE, DENSELL) - JERINGA X 2 GR.","GENERAL","JERINGA",1,"JERINGA",0,1,30,0,1,30,"-","-","N"
"ESTETICA","RESINA FLUIDA  A2 (OPALLIS, MASTER FLOW, WAVE, DENSELL) - JERINGA X 2 GR.","GENERAL","JERINGA",1,"JERINGA",0,1,30,0,1,30,"-","-","N"
"ESTETICA","RESINA TETRIC  B2 - JERINGA X 3.5 GR. ","IVOCLAR VIVIADENT","JERINGA",1,"JERINGA",0,1,30,0,1,30,"-","-","N"
"ESTETICA","RESINA OPALLIS DA2 - JERINGA 4 GR.","OPALLIS DA2 ","JERINGA",1,"JERINGA",0,1,30,0,1,30,"-","-","N"
"ESTETICA","RESINA PALFIQUE  LX5 A2 - JERINGA X 3.8 GR.","TOFUYAMA DENTAL","JERINGA",1,"JERINGA",0,1,30,0,1,30,"-","-","N"
"ESTETICA","RESINA PALFIQUE LX5 OA2 - JERINGA X 3.8 GR.","TOFUYAMA DENTAL","JERINGA",1,"JERINGA",0,1,30,0,1,30,"-","-","N"
"ORTODONCIA","ELASTICOS (LIGAS) 1/4  - PQT X 1000 UND","MORELLI","PAQUETE",1,"PAQUETE",1,2,30,0,1,30,"-","-","N"
"ORTODONCIA","ELASTICOS (LIGAS) 1/8  - PQT X 1000 UND","MORELLI","PAQUETE",1,"PAQUETE",1,2,30,0,1,30,"-","-","N"
"ORTODONCIA","ELASTICOS LIGAS 3/16  - PQT X 1000 UND","MORELLI","PAQUETE",1,"PAQUETE",1,2,30,0,1,30,"-","-","N"
"ORTODONCIA","EXPANSOR HYRAX (TORNILLO PALATINA DE 9MM) - UNID","MORELLI","UNID",1,"UNID",2,5,30,1,1,30,"-","-","N"
"PEDIATRIA","SELLANTE PARA FOSAS Y FISURAS - JERINGA X 1.5 GR.","PRIME DENT","JERINGA",1,"JERINGA",0,1,30,0,1,30,"-","-","N"
"TODOS","RADIOGRAFIA OCLUSAL - CAJA X 25 UNID","GENERAL","CAJA",25,"UNID",5,25,540,0,1,30,"-","-","N"
"ENDODONCIA","CONOS DE GUTAPERCHA N°25 - KIT X 6 UNID","DOCHEM","KIT",6,"UNID",5,12,30,0,1,7,"-","-","N"
"ENDODONCIA","CONOS DE GUTAPERCHA N°30 - KIT X 6 UNID","DOCHEM","KIT",6,"UNID",5,12,30,0,1,7,"-","-","N"
"ENDODONCIA","CONOS DE GUTAPERCHA N°35 - KIT X 6 UNID","DOCHEM","KIT",6,"UNID",3,6,30,0,1,7,"-","-","N"
"ENDODONCIA","CONOS DE GUTAPERCHA N°40 - KIT X 6 UNID","DOCHEM","KIT",6,"UNID",3,6,30,0,1,7,"-","-","N"
"ENDODONCIA","CONOS DE GUTAPERCHA N°45 - KIT X 6 UNID","DOCHEM","KIT",6,"UNID",3,6,30,0,1,7,"-","-","N"
"ENDODONCIA","CONOS DE GUTAPERCHA N°50 - KIT X 6 UNID","DOCHEM","KIT",6,"UNID",3,6,30,0,1,7,"-","-","N"
"ENDODONCIA","CONOS DE GUTAPERCHA N°55 - KIT X 6 UNID","DOCHEM","KIT",6,"UNID",3,6,30,0,1,7,"-","-","N"
"ENDODONCIA","CONOS DE GUTAPERCHA N°60 - KIT X 6 UNID","DOCHEM","KIT",6,"UNID",3,6,30,0,1,7,"-","-","N"
"ENDODONCIA","CONOS DE PAPEL N°25 - KIT X 6 UNID","ENDOMEDIC","KIT",6,"UNID",3,6,30,0,1,7,"-","-","N"
"ENDODONCIA","CONOS DE PAPEL N°30 - KIT X 6 UNID","ENDOMEDIC","KIT",6,"UNID",3,6,30,0,1,7,"-","-","N"
"ENDODONCIA","CONOS DE PAPEL N°35 - KIT X 6 UNID","ENDOMEDIC","KIT",6,"UNID",3,6,30,0,1,7,"-","-","N"
"ENDODONCIA","CONOS DE PAPEL N°40 - KIT X 6 UNID","ENDOMEDIC","KIT",6,"UNID",3,6,30,0,1,7,"-","-","N"
"ENDODONCIA","CONOS DE PAPEL N°45 - KIT X 6 UNID","ENDOMEDIC","KIT",6,"UNID",3,6,30,0,1,7,"-","-","N"
"ENDODONCIA","CONOS DE PAPEL N°50 - KIT X 6 UNID","ENDOMEDIC","KIT",6,"UNID",3,6,30,0,1,7,"-","-","N"
"ENDODONCIA","CONOS DE PAPEL N°55 - KIT X 6 UNID","ENDOMEDIC","KIT",6,"UNID",3,6,30,0,1,7,"-","-","N"
"TODOS","GUANTES""M"" - CAJA X 100 UND","GENERAL","CAJA",100,"UNID",1,4,30,0,1,7,"-","-","N"
"ORTODONCIA","ELASTICOS LIGAS 1/2 - PQT X 500 UND","MORELLI","PAQUETE",1,"PAQUETE",0,1,90,0,1,90,"-","-","N"
"PEDIATRIA","FLUOR PROTECTOR BARNIZ 0.1% FLUORURO DE SODIO - AMPOLLA X 0.4 ML","GENERAL","AMPOLLA",1,"AMPOLLA",0,1,90,0,1,"P","-","-","N"
"ESTETICA","RESINA LLIS A2 - KIT X 3 JERINGA X 4 GR.","FGM","KIT",4,"UNID",1,2,30,0,2,15,"-","-","N"
"PROTESIS","ALGINATO  - BOLSA X 450 GR","ALGINELLI","BOLSA",1,"BOLSA",1,3,30,0,2,15,"-","-","N"
"REHABILITACION","GODIVA TABLETA - UNIDAD","GENERAL","UNID",1,"UNID",0,0,60,0,2,60,"-","-","N"
"ORTODONCIA","BENGALAS COLOR CRISTAL - PAQ X 10 BENGALAS","GENERAL","PAQUETE",10,"UNID",5,20,30,0,2,7,"-","-","N"
"ORTODONCIA","BENGALAS COLOR CINZA - PAQ X 10 BENGALAS","MORELLI","PAQUETE",10,"UNID",5,20,30,0,2,7,"-","-","N"
"ORTODONCIA","BENGALAS COLOR MARFIM - PAQ X 10 BENGALAS","MORELLI","PAQUETE",10,"UNID",5,20,30,0,2,7,"-","-","N"
"ESTETICA","RESINA  (Z250) A1 - JERINGA X 4GR.","3M ","JERINGA",1,"JERINGA",0,2,30,0,2,30,"-","-","N"
"ESTETICA","RESINA (Z250)  A2 - JERINGA X 4GR.","3M  ","JERINGA",1,"JERINGA",0,2,30,0,2,30,"-","-","N"
"ESTETICA","RESINA (Z250) A3 - JERINGA X 4GR.","3M  ","JERINGA",1,"JERINGA",0,2,30,0,2,30,"-","-","N"
"ESTETICA","RESINA TETRIC A1 - JERINGA X 3.5 GR. ","IVOCLAR VIVIADENT","JERINGA",1,"JERINGA",0,2,30,0,2,30,"-","-","N"
"ESTETICA","RESINA TETRIC A3 - JERINGA X 3.5 GR. ","IVOCLAR VIVIADENT","JERINGA",1,"JERINGA",0,2,30,0,2,30,"-","-","N"
"ESTETICA","RESINA TETRIC A2 - JERINGA X 3.5 GR. ","IVOCLAR VIVIADENTJERINGA X 3.5 GR.","JERINGA",1,"JERINGA",0,2,30,0,2,30,"-","-","N"
"ORTODONCIA","ALAMBRE DE RESORTE CERRADO - X VARILLA","MORELLI","VARILLA",1,"VARILLA",3,5,30,0,2,30,"-","-","N"
"TODOS","BABERO DESCARTABLE BLANCO - UNID","GENERAL","UNID",1,"UNID",2,10,30,0,2,"P","-","-","N"
"CIRUGIA","AGUJA DE CIRUGIA (ESTERILIZAR) - CAJA X 12 UNID","GENERAL","CAJA",12,"UNID",5,12,30,2,2,7,"-","-","N"
"ENDODONCIA","CONOS DE GUTAPERCHA N°15 - KIT X 6 UNID","DOCHEM","KIT",6,"UNID",5,12,30,0,2,7,"-","-","N"
"ENDODONCIA","CONOS DE GUTAPERCHA N°20 - KIT X 6 UNID","DOCHEM","KIT",6,"UNID",5,12,30,0,2,7,"-","-","N"
"ENDODONCIA","CONOS DE PAPEL N°60 - KIT X 6 UNID","ENDOMEDIC","KIT",6,"UNID",6,12,30,1,2,7,"-","-","N"
"ENDODONCIA","CONOS DE PAPEL N°70 - KIT X 6 UNID","ENDOMEDIC","KIT",6,"UNID",6,12,30,1,2,7,"-","-","N"
"ENDODONCIA","CONOS DE PAPEL N°80 - KIT X 6 UNID","ENDOMEDIC","KIT",6,"UNID",6,12,30,1,2,7,"-","-","N"
"TODOS","GORROS DESCARTABLES CELESTES - CAJA X 100 UND","GENERAL","CAJA",100,"UNID",10,100,90,0,2,7,"-","-","N"
"TODOS","GUANTES S - CAJA X 100 UND","GENERAL","CAJA",100,"UNID",2,8,30,1,2,7,"-","-","N"
"REHABILITACION","PERNO FIBRA DE VIDRIO #3 - KIT X 5 UNIDADES","SUPERPOST","KIT",5,"UNID",1,5,90,1,3,30,"-","-","N"
"REHABILITACION","PERNO FIBRA DE VIDRIO #4 - KIT X 5 UNIDADES","SUPERPOST","KIT",5,"UNID",1,5,90,1,3,30,"-","-","N"
"ORTODONCIA","ALAMBRE TWFLEX - VARILLA X 10 UNIDADES","MORELLI","VARILLA",1,"VARILLA",4,10,30,1,3,30,"-","-","N"
"PROTESIS","GUTAPERCHA EN BARRA PARA OBTURACION PROVISORIA - FRASCO X 40 UNID","GENERAL","FRASCO",1,"FRASCO",0,1,90,1,3,7,"-","-","N"
"TODOS","SERVILLETAS - PAQUETES  X 50 UND)","ELITE","PAQUETE",50,"UNID",10,350,90,0,3,7,"-","-","N"
"TODOS","PAÑOS ABSORVENTES - PAQ X 10 UNID","GENERAL","PAQUETE",10,"UNID",3,12,30,1,3,7,"-","-","N"
"TODOS","GUANTES ESTERILES N°6.5 - CAJA X 50 PARES","GENERAL","CAJA",50,"UNID",0,1,90,1,3,7,"-","-","N"
"PROTESIS","GODIVA VERDE PARA IMPRESIONES TIPO 1 EN LAPIZ - FRASCO X 12 UNID","PERFECTIN","FRASCO",12,"UNID",3,12,30,1,3,"P","-","-","N"
"TODOS","GUANTES XS"" - CAJA X 100 UND","GENERAL","CAJA",100,"UNID",6,16,30,1,4,7,"-","-","N"
"ORTODONCIA","BANDA #35 - CAJA X 10 UNID","MORELLI","CAJA",10,"UNID",10,20,30,2,5,30,"-","-","N"
"ORTODONCIA","BANDA #35.5 - CAJA X 10 UNID","MORELLI","CAJA",10,"UNID",10,20,30,2,5,30,"-","-","N"
"ORTODONCIA","BANDA #36 - CAJA X 10 UNID","MORELLI","CAJA",10,"UNID",10,20,30,2,5,30,"-","-","N"
"ORTODONCIA","BANDA #36.5 - CAJA X 10 UNID","MORELLI","CAJA",10,"UNID",10,20,30,2,5,30,"-","-","N"
"ORTODONCIA","BANDA #37 - CAJA X 10 UNID","MORELLI","CAJA",10,"UNID",10,20,30,2,5,30,"-","-","N"
"ORTODONCIA","BANDA #37.5 - CAJA X 10 UNID","MORELLI","CAJA",10,"UNID",10,20,30,2,5,30,"-","-","N"
"ORTODONCIA","BANDA #38 - CAJA X 10 UNID","MORELLI","CAJA",10,"UNID",10,20,30,2,5,30,"-","-","N"
"ORTODONCIA","BANDA #38.5 - CAJA X 10 UNID","MORELLI","CAJA",10,"UNID",10,20,30,2,5,30,"-","-","N"
"ORTODONCIA","BANDA #39 - CAJA X 10 UNID","MORELLI","CAJA",10,"UNID",10,20,30,2,5,30,"-","-","N"
"ORTODONCIA","BANDA #39.5 - CAJA X 10 UNID","MORELLI","CAJA",10,"UNID",10,20,30,2,5,30,"-","-","N"
"ORTODONCIA","BANDA #40 - CAJA X 10 UNID","MORELLI","CAJA",10,"UNID",10,20,30,2,5,30,"-","-","N"
"ORTODONCIA","BANDA #40.5 - CAJA X 10 UNID","MORELLI","CAJA",10,"UNID",10,20,30,2,5,30,"-","-","N"
"ORTODONCIA","BANDA #41 - CAJA X 10 UNID","MORELLI","CAJA",10,"UNID",10,20,30,2,5,30,"-","-","N"
"ORTODONCIA","BANDA #41.5 - CAJA X 10 UNID","MORELLI","CAJA",10,"UNID",10,20,30,2,5,30,"-","-","N"
"ORTODONCIA","BANDA #42 - CAJA X 10 UNID","MORELLI","CAJA",10,"UNID",10,20,30,2,5,30,"-","-","N"
"TODOS","LIDOCAINA 3 % (MEPIVACAINA) - UNID","GENERAL","UNID",1,"UNID",5,10,60,2,5,60,"-","-","N"
"ORTODONCIA","TUBOS DOBLES ROTH  IZQUIERDO INF / SOLDAR - CJA X 10 UND","MORELLI","CAJA",10,"UNID",2,5,90,2,5,90,"-","-","N"
"ORTODONCIA","TUBOS DOBLES ROTH DERECHO  SUP / PEGAR - CJA X 10 UND","MORELLI","CAJA",10,"UNID",2,5,90,2,5,90,"-","-","N"
"ORTODONCIA","TUBOS DOBLES ROTH DERECHO  SUP / SOLDAR - CJA X 10 UND","MORELLI","CAJA",10,"UNID",2,5,90,2,5,90,"-","-","N"
"ORTODONCIA","TUBOS DOBLES ROTH DERECHO INF / PEGAR - CJA X 10 UND","MORELLI","CAJA",10,"UNID",2,5,90,2,5,90,"-","-","N"
"ORTODONCIA","TUBOS DOBLES ROTH DERECHO INF / SOLDAR - CJA X 10 UND","MORELLI","CAJA",10,"UNID",2,5,90,2,5,90,"-","-","N"
"ORTODONCIA","TUBOS DOBLES ROTH IZQUIERDO INF / PEGAR - CJA X 10 UND","MORELLI","CAJA",10,"UNID",2,5,90,2,5,90,"-","-","N"
"ORTODONCIA","TUBOS DOBLES ROTH IZQUIERDO SUP / PEGAR - CJA X 10 UND","MORELLI","CAJA",10,"UNID",2,5,90,2,5,90,"-","-","N"
"ORTODONCIA","TUBOS DOBLES ROTH IZQUIERDO SUP / SOLDAR - CJA X 10 UND","MORELLI","CAJA",10,"UNID",2,10,90,2,5,90,"-","-","N"
"ORTODONCIA","BANDA #30.5 - CAJA X 10 UNID","GENERAL","CAJA",10,"UNID",5,10,90,2,5,90,"-","-","N"
"ORTODONCIA","BANDA #32.5 - CAJA X 10 UNID","GENERAL","CAJA",10,"UNID",5,10,90,2,5,90,"-","-","N"
"ORTODONCIA","BANDA #33 - CAJA X 10 UNID","GENERAL","CAJA",10,"UNID",5,10,90,2,5,90,"-","-","N"
"ORTODONCIA","BANDA #33.5 - CAJA X 10 UNID","GENERAL","CAJA",10,"UNID",5,10,90,2,5,90,"-","-","N"
"ORTODONCIA","BANDA #34 - CAJA X 10 UNID","GENERAL","CAJA",10,"UNID",5,10,90,2,5,90,"-","-","N"
"ORTODONCIA","BANDA #34.5 - CAJA X 10 UNID","GENERAL","CAJA",10,"UNID",5,10,90,2,5,90,"-","-","N"
"ESTETICA","CINTA CELULOIDE (TIRA DE POLIESTER) - PAQUETE X 50 UNID","GENERAL","PAQUETE",10,"UNID",0,1,180,1,5,180,"-","-","N"
"ORTODONCIA","TUBOS TRIPLES  ROTH  IZQUIERDO INF / SOLDAR - CJA X 10 UND","MORELLI","CAJA",10,"UNID",5,5,180,2,5,180,"-","-","N"
"ORTODONCIA","TUBOS TRIPLES  ROTH DERECHO  INF/SOLDAR - CJA X 10 UND","MORELLI","CAJA",10,"UNID",2,5,180,2,5,180,"-","-","N"
"ORTODONCIA","TUBOS TRIPLES  ROTHI ZQUIERDO SUP /SOLDAR - CJA X 10 UND","MORELLI","CAJA",10,"UNID",2,5,180,2,5,180,"-","-","N"
"ORTODONCIA","TUBOS TRIPLES ROTH DERECHO  INF / PEGAR - CJA X 10 UND","MORELLI","CAJA",10,"UNID",2,5,180,2,5,180,"-","-","N"
"ORTODONCIA","TUBOS TRIPLES ROTH DERECHO  SUP / PEGAR - CJA X 10 UND","MORELLI","CAJA",10,"UNID",2,5,180,2,5,180,"-","-","N"
"ORTODONCIA","TUBOS TRIPLES ROTH DERECHO  SUP / SOLDAR - CJA X 10 UND","MORELLI","CAJA",10,"UNID",2,5,180,2,5,180,"-","-","N"
"ORTODONCIA","TUBOS TRIPLES ROTH IZQUIERDO INF / PEGAR - CJA X 10 UND","MORELLI","CAJA",10,"UNID",2,5,180,2,5,180,"-","-","N"
"ORTODONCIA","TUBOS TRIPLES ROTH IZQUIERDO SUP / PEGAR - CJA X 10 UND","MORELLI","CAJA",10,"UNID",2,5,180,2,5,180,"-","-","N"
"ORTODONCIA","BANDA #28 - CAJA X 10 UNID","GENERAL","CAJA",10,"UNID",0,5,360,2,5,360,"-","-","N"
"ORTODONCIA","BANDA #29 - CAJA X 10 UNID","GENERAL","CAJA",10,"UNID",0,5,360,2,5,360,"-","-","N"
"ORTODONCIA","BANDA #29.5 - CAJA X 10 UNID","GENERAL","CAJA",10,"UNID",0,5,360,2,5,360,"-","-","N"
"ORTODONCIA","BANDA #30 - CAJA X 10 UNID","GENERAL","CAJA",10,"UNID",0,5,360,2,5,360,"-","-","N"
"TODOS","TETRACICLINA - CAPSULAS X 500 MG","FARMINDUSTRIA","CAPSULA",1,"CAPSULA",5,10,30,2,5,30,"-","-","N"
"REHABILITACION","PERNO FIBRA DE VIDRIO #0 - KIT X 5 UNIDADES","SUPERPOST","KIT",5,"UNID",2,5,30,2,5,15,"-","-","N"
"REHABILITACION","PERNO FIBRA DE VIDRIO #1 - KIT X 5 UNIDADES","SUPERPOST","KIT",5,"UNID",2,5,30,2,5,15,"-","-","N"
"REHABILITACION","PERNO FIBRA DE VIDRIO #2 - KIT X 5 UNIDADES","SUPERPOST","KIT",5,"UNID",2,5,30,2,5,15,"-","-","N"
"CIRUGIA","AGUJA CON HILO 4.0 - SEDA NEGRA - CAJA X 24 UND","CIRUGIA PERUANA","CAJA",24,"UNID",8,24,30,1,5,7,"-","-","N"
"CIRUGIA","AGUJA CON HILO 5.0 - NYLON NEGRO - CAJA X 24 UND","CIRUGIA PERUANA","CAJA",24,"UNID",8,24,30,1,5,7,"-","-","N"
"CIRUGIA","HOJA DE BISTURI #15 - CAJA X  100 UND","GENERAL","CAJA",100,"UNID",20,100,180,2,5,7,"-","-","N"
"CIRUGIA","LIDOCAINA 2% EMB VIDRIO - CAJA X 50 UNID","NEW STETIC","CAJA",50,"UNID",15,50,30,2,5,7,"-","-","N"
"ESTETICA","LIJAR DE RESINA  170X4 MM. - CAJA X 75 UNID ","GENERAL","CAJA",75,"UNID",20,100,30,2,5,7,"-","-","N"
"TODOS","GUANTES ESTERILES N°7 - CAJA X 50 PARES","GENERAL","CAJA",50,"UNID",0,1,90,2,5,7,"-","-","N"
"TODOS","JERINGA DE 10 ML - CAJA X 100 UNID","GENERAL","CAJA",100,"UNID",20,100,150,2,5,7,"-","-","N"
"TODOS","JERINGA DE 20 ML - CAJA X 100 UNID","GENERAL","CAJA",100,"UNID",20,100,150,2,5,7,"-","-","N"
"TODOS","JERINGA DE TUBERCULINA 1 ML - CAJA X 100 UND","GENERAL","CAJA",100,"UNID",20,100,150,2,5,7,"-","-","N"
"TODOS","LIJAR METALICO  - PAQ X 12 UNIDADES","TDV","PAQUETE",12,"UNID",10,24,30,2,5,7,"-","-","N"
"ORTODONCIA","BOTONES ADHESIVOS - PAQUETE X 10 UND","MORELLI","PAQUETE",10,"UNID",10,30,30,5,10,30,"-","-","N"
"ORTODONCIA","TUBO CONVERTIBLE INFERIOR DERECHO/SOLDAR - CAJA X 10 UNID","MORELLI","CAJA",10,"UNID",10,30,30,5,10,30,"-","-","N"
"ORTODONCIA","TUBO CONVERTIBLE INFERIOR IZQUIERDO/SOLDAR - CAJA X 10 UNID","MORELLI","CAJA",10,"UNID",10,30,30,5,10,30,"-","-","N"
"ORTODONCIA","TUBO CONVERTIBLE SUPERIOR DERECHO/ SOLDAR - CAJA X 10 UNID","MORELLI","CAJA",10,"UNID",10,30,30,5,10,30,"-","-","N"
"ORTODONCIA","TUBO CONVERTIBLE SUPERIOR IZQUIERDO/SOLDAR - CAJA X 10 UNID","MORELLI","CAJA",10,"UNID",10,30,30,5,10,30,"-","-","N"
"ORTODONCIA","CAJA LINGUAL - CAJA X 10 UNID","MORELLI","CAJA",10,"UNID",5,10,90,5,10,90,"-","-","N"
"ORTODONCIA","BOTONES  PARA SOLDAR  - PAQUETE X 10 UND","MORELLI","PAQUETE",10,"UNID",5,10,180,5,10,180,"-","-","N"
"TODOS","RADIOGRAFIA PEDIATRICA - CAJA X 100 UNID","GENERAL","CAJA",100,"UNID",0,100,30,3,10,30,"-","-","N"
"ORTODONCIA","ARCO ACERO INFERIOR # 16X16 - PAQUETE X 10 UNID","GENERAL","PAQUETE",10,"UNID",15,30,30,5,10,30,"-","-","N"
"ORTODONCIA","ARCO ACERO INFERIOR # 17X25 - PAQUETE X 10 UNID","GENERAL","PAQUETE",10,"UNID",15,30,30,5,10,30,"-","-","N"
"ORTODONCIA","ARCO ACERO SUPERIOR # 16X16 - PAQUETE X 10 UNID","GENERAL","PAQUETE",10,"UNID",15,30,30,5,10,30,"-","-","N"
"ORTODONCIA","ARCO ACERO SUPERIOR # 17X25 - PAQUETE X 10 UNID","GENERAL","PAQUETE",10,"UNID",15,30,30,5,10,30,"-","-","N"
"ORTODONCIA","ARCO NITI SUPERIOR # 12 - PAQUETE X 10 UNID","GENERAL","PAQUETE",10,"UNID",15,30,30,5,10,30,"-","-","N"
"ORTODONCIA","ARCO NITI SUPERIOR # 14 - PAQUETE X 10 UNID","GENERAL","PAQUETE",10,"UNID",15,30,30,5,10,30,"-","-","N"
"ORTODONCIA","ARCO NITI SUPERIOR # 16 - PAQUETE X 10 UNID","GENERAL","PAQUETE",10,"UNID",15,30,30,5,10,30,"-","-","N"
"ORTODONCIA","ARCO NITI SUPERIOR # 17X25 - PAQUETE X 10 UNID","GENERAL","PAQUETE",10,"UNID",15,30,30,5,10,30,"-","-","N"
"ORTODONCIA","ARCO NITI SUPERIOR # 19X25 - PAQUETE X 10 UNID","GENERAL","PAQUETE",10,"UNID",15,30,30,5,10,30,"-","-","N"
"ORTODONCIA","ARCO ACERO INFERIOR # 16X22 - PAQUETE X 10 UNID","MORELLI","PAQUETE",10,"UNID",15,30,30,5,10,30,"-","-","N"
"ORTODONCIA","ARCO ACERO INFERIOR # 19X25 - PAQUETE X 10 UNID","MORELLI","PAQUETE",10,"UNID",15,30,30,5,10,30,"-","-","N"
"ORTODONCIA","ARCO ACERO SUPERIOR # 16X22 - PAQUETE X 10 UNID","MORELLI","PAQUETE",10,"UNID",15,30,30,5,10,30,"-","-","N"
"ORTODONCIA","ARCO ACERO SUPERIOR # 19X25 - PAQUETE X 10 UNID","MORELLI","PAQUETE",10,"UNID",15,30,30,5,10,30,"-","-","N"
"ORTODONCIA","ARCO NITI INFERIOR # 12 - PAQUETE X 10 UNID","MORELLI","PAQUETE",10,"UNID",15,30,30,5,10,30,"-","-","N"
"ORTODONCIA","ARCO NITI INFERIOR # 14 - PAQUETE X 10 UNID","MORELLI","PAQUETE",10,"UNID",15,30,30,5,10,30,"-","-","N"
"ORTODONCIA","ARCO NITI INFERIOR # 16 - PAQUETE X 10 UNID","MORELLI","PAQUETE",10,"UNID",15,30,30,5,10,30,"-","-","N"
"ORTODONCIA","ARCO NITI INFERIOR # 16X16 - PAQUETE X 10 UNID","MORELLI","PAQUETE",10,"UNID",15,30,30,5,10,30,"-","-","N"
"ORTODONCIA","ARCO NITI INFERIOR # 16X22 - PAQUETE X 10 UNID","MORELLI","PAQUETE",10,"UNID",15,30,30,5,10,30,"-","-","N"
"ORTODONCIA","ARCO NITI INFERIOR # 17X25 - PAQUETE X 10 UNID","MORELLI","PAQUETE",10,"UNID",15,30,30,5,10,30,"-","-","N"
"ORTODONCIA","ARCO NITI INFERIOR # 18 - PAQUETE X 10 UNID","MORELLI","PAQUETE",10,"UNID",15,30,30,5,10,30,"-","-","N"
"ORTODONCIA","ARCO NITI INFERIOR # 18X25 - PAQUETE X 10 UNID","MORELLI","PAQUETE",10,"UNID",15,30,30,5,10,30,"-","-","N"
"ORTODONCIA","ARCO NITI INFERIOR # 19X25 - PAQUETE X 10 UNID","MORELLI","PAQUETE",10,"UNID",15,30,30,5,10,30,"-","-","N"
"ORTODONCIA","ARCO NITI INFERIOR # 20 - PAQUETE X 10 UNID","MORELLI","PAQUETE",10,"UNID",15,30,30,5,10,30,"-","-","N"
"ORTODONCIA","ARCO NITI SUPERIOR # 16X16 - PAQUETE X 10 UNID","MORELLI","PAQUETE",10,"UNID",15,30,30,5,10,30,"-","-","N"
"ORTODONCIA","ARCO NITI SUPERIOR # 16X22 - PAQUETE X 10 UNID","MORELLI","PAQUETE",10,"UNID",15,30,30,5,10,30,"-","-","N"
"ORTODONCIA","ARCO NITI SUPERIOR # 18 - PAQUETE X 10 UNID","MORELLI","PAQUETE",10,"UNID",15,30,30,5,10,30,"-","-","N"
"ORTODONCIA","ARCO NITI SUPERIOR # 18X25 - PAQUETE X 10 UNID","MORELLI","PAQUETE",10,"UNID",15,30,30,5,10,30,"-","-","N"
"ORTODONCIA","ARCO NITI SUPERIOR # 20 - PAQUETE X 10 UNID","MORELLI","PAQUETE",10,"UNID",15,30,30,5,10,30,"-","-","N"
"ORTODONCIA","BRACKETS METALICOS ROTH Nº 11 - PAQ X 10 BENGALAS","MORELLI","PAQUETE",10,"UNID",10,20,30,0,10,30,"-","-","N"
"ORTODONCIA","BRACKETS METALICOS ROTH Nº 12 - PAQ X 10 BENGALAS","MORELLI","PAQUETE",10,"UNID",10,20,30,0,10,30,"-","-","N"
"ORTODONCIA","BRACKETS METALICOS ROTH Nº 13 - PAQ X 10 BENGALAS","MORELLI","PAQUETE",10,"UNID",10,20,30,0,10,30,"-","-","N"
"ORTODONCIA","BRACKETS METALICOS ROTH Nº 14 - PAQ X 10 BENGALAS","MORELLI","PAQUETE",10,"UNID",10,20,30,0,10,30,"-","-","N"
"ORTODONCIA","BRACKETS METALICOS ROTH Nº 15 - PAQ X 10 BENGALAS","MORELLI","PAQUETE",10,"UNID",10,20,30,0,10,30,"-","-","N"
"ORTODONCIA","BRACKETS METALICOS ROTH Nº 21 - PAQ X 10 BENGALAS","MORELLI","PAQUETE",10,"UNID",10,20,30,0,10,30,"-","-","N"
"ORTODONCIA","BRACKETS METALICOS ROTH Nº 22 - PAQ X 10 BENGALAS","MORELLI","PAQUETE",10,"UNID",10,20,30,0,10,30,"-","-","N"
"ORTODONCIA","BRACKETS METALICOS ROTH Nº 23 - PAQ X 10 BENGALAS","MORELLI","PAQUETE",10,"UNID",10,20,30,0,10,30,"-","-","N"
"ORTODONCIA","BRACKETS METALICOS ROTH Nº 24 - PAQ X 10 BENGALAS","MORELLI","PAQUETE",10,"UNID",10,20,30,0,10,30,"-","-","N"
"ORTODONCIA","BRACKETS METALICOS ROTH Nº 25 - PAQ X 10 BENGALAS","MORELLI","PAQUETE",10,"UNID",10,20,30,0,10,30,"-","-","N"
"ORTODONCIA","BRACKETS METALICOS ROTH Nº 31 - PAQ X 10 BENGALAS","MORELLI","PAQUETE",10,"UNID",10,20,30,0,10,30,"-","-","N"
"ORTODONCIA","BRACKETS METALICOS ROTH Nº 32 - PAQ X 10 BENGALAS","MORELLI","PAQUETE",10,"UNID",10,20,30,0,10,30,"-","-","N"
"ORTODONCIA","BRACKETS METALICOS ROTH Nº 33 - PAQ X 10 BENGALAS","MORELLI","PAQUETE",10,"UNID",10,20,30,0,10,30,"-","-","N"
"ORTODONCIA","BRACKETS METALICOS ROTH Nº 34 - PAQ X 10 BENGALAS","MORELLI","PAQUETE",10,"UNID",10,20,30,0,10,30,"-","-","N"
"ORTODONCIA","BRACKETS METALICOS ROTH Nº 35 - PAQ X 10 BENGALAS","MORELLI","PAQUETE",10,"UNID",10,20,30,0,10,30,"-","-","N"
"ORTODONCIA","BRACKETS METALICOS ROTH Nº 41 - PAQ X 10 BENGALAS","MORELLI","PAQUETE",10,"UNID",10,20,30,0,10,30,"-","-","N"
"ORTODONCIA","BRACKETS METALICOS ROTH Nº 42 - PAQ X 10 BENGALAS","MORELLI","PAQUETE",10,"UNID",10,20,30,0,10,30,"-","-","N"
"ORTODONCIA","BRACKETS METALICOS ROTH Nº 43 - PAQ X 10 BENGALAS","MORELLI","PAQUETE",10,"UNID",10,20,30,0,10,30,"-","-","N"
"ORTODONCIA","BRACKETS METALICOS ROTH Nº 44 - PAQ X 10 BENGALAS","MORELLI","PAQUETE",10,"UNID",10,20,30,0,10,30,"-","-","N"
"ORTODONCIA","BRACKETS METALICOS ROTH Nº 45 - PAQ X 10 BENGALAS","MORELLI","PAQUETE",10,"UNID",10,20,30,0,10,30,"-","-","N"
"ORTODONCIA","TUBOS ROTH DERECHO INF / PEGAR - CJA X 10 UND","MORELLI","CAJA",10,"UNID",10,30,30,5,10,30,"-","-","N"
"ORTODONCIA","TUBOS ROTH DERECHO INF / SOLDAR - CJA X 10 UND","MORELLI","CAJA",10,"UNID",10,20,30,5,10,30,"-","-","N"
"ORTODONCIA","TUBOS ROTH DERECHO SUP / PEGAR - CJA X 10 UND","MORELLI","CAJA",10,"UNID",10,30,30,5,10,30,"-","-","N"
"ORTODONCIA","TUBOS ROTH DERECHO SUP / SOLDAR - CJA X 10 UND","MORELLI","CAJA",10,"UNID",10,20,30,5,10,30,"-","-","N"
"ORTODONCIA","TUBOS ROTH IZQUIERDO INF / PEGAR - CJA X 10 UND","MORELLI","CAJA",10,"UNID",10,30,30,5,10,30,"-","-","N"
"ORTODONCIA","TUBOS ROTH IZQUIERDO INF / SOLDAR - CJA X 10 UND","MORELLI","CAJA",10,"UNID",10,20,30,5,10,30,"-","-","N"
"ORTODONCIA","TUBOS ROTH IZQUIERDO SUP / PEGAR - CJA X 10 UND","MORELLI","CAJA",10,"UNID",10,30,30,5,10,30,"-","-","N"
"ORTODONCIA","TUBOS ROTH IZQUIERDO SUP / SOLDAR - CJA X 10 UND","MORELLI","CAJA",10,"UNID",10,20,30,5,10,30,"-","-","N"
"ORTODONCIA","CEPILLOS INTERPROXIMALES  - CAJA X 12 UNIDADES","TDV","CAJA",12,"UNID",0,10,30,2,10,"P","-","-","N"
"CIRUGIA","AGUJA  PEDIATRICA (12 MM) - CAJA X  100 UNID","DOCHEM - NIPRO - TOP JECT","CAJA",100,"UNID",20,100,60,4,10,7,"-","-","N"
"CIRUGIA","HOJA DE BISTURI #15C - CAJA X  100 UND","GENERAL","CAJA",100,"UNID",20,100,90,5,10,7,"-","-","N"
"TODOS","MASCARILLA (BARBIJO) - CAJA X 50 UND","DOCHEM","CAJA",50,"UNID",10,50,30,2,10,7,"-","-","N"
"TODOS","GORROS DESCARTABLES TIPO GUSANO - CAJA X 100 UND","GENERAL","CAJA",100,"UNID",10,100,90,0,10,7,"-","-","N"
"ESTETICA","CUÑAS DE MADERA - CAJA X 100 UNID","TDB","CAJA",100,"UNID",30,100,60,3,16,7,"-","-","N"
"CIRUGIA","AGUJA CORTAS  (21 MM) - CAJA X 100 UND","DOCHEM - NIPRO - TOP JECT","CAJA",100,"UNID",40,158,30,10,20,7,"-","-","N"
"CIRUGIA","AGUJA EXTRALARGA (38 MM) - CAJA X 100 UND","DOCHEM - NIPRO - TOP JECT","CAJA",100,"UNID",20,100,30,5,20,7,"-","-","N"
"CIRUGIA","AGUJA LARGA (30 MM) - CAJA X 100 UND","DOCHEM - NIPRO - TOP JECT","CAJA",100,"UNID",20,100,30,5,20,7,"-","-","N"
"ENDODONCIA","GOMA DIQUE - CAJA X 52 UNID","GENERAL","CAJA",52,"UNID",20,52,30,0,20,7,"-","-","N"
"TODOS","CAMPOS DE TRABAJO - CAJA X 100 UNID","GENERAL","CAJA",100,"UNID",30,100,30,5,20,7,"-","-","N"
"TODOS","RADIOGRAFIA PERIAPICAL (ADULTO) - CAJA X 150","GENERAL","CAJA",150,"UNID",0,1,30,10,35,7,"-","-","N"
"CIRUGIA","LIDOCAINA 2% EMB PLASTICO - CAJA X 50 UNID","NEW STETIC","CAJA",50,"UNID",50,200,30,20,50,7,"-","-","N"
"TODOS","SUCTOR - PAQ X 100 UNIDADES","GENERAL","PAQUETE",100,"UNID",1,3,30,10,50,7,"-","-","N"
"ENDODONCIA","LIMAS K-FILE MAILLEFER 21MM # 06 - CAJA X  6 UNID","DENTSPLY","CAJA",6,"UNID",,,0,,,,"-","-","N"
"ENDODONCIA","LIMAS K-FILE MAILLEFER 21MM # 08 - CAJA X  6 UNID","DENTSPLY","CAJA",6,"UNID",,,0,,,,"-","-","N"
"ENDODONCIA","LIMAS K-FILE MAILLEFER 21MM # 10 - CAJA X  6 UNID","DENTSPLY","CAJA",6,"UNID",,,0,,,,"-","-","N"
"ENDODONCIA","LIMAS K-FILE MAILLEFER 21MM # 15   - CAJA X  6 UNID","DENTSPLY","CAJA",6,"UNID",,,0,,,,"-","-","N"
"ENDODONCIA","LIMAS K-FILE MAILLEFER 21MM # 20  - CAJA X  6 UNID","DENTSPLY","CAJA",6,"UNID",,,0,,,,"-","-","N"
"ENDODONCIA","LIMAS K-FILE MAILLEFER 21MM # 25  - CAJA X  6 UNID","DENTSPLY","CAJA",6,"UNID",,,0,,,,"-","-","N"
"ENDODONCIA","LIMAS K-FILE MAILLEFER 21MM # 30 - CAJA X  6 UNID","DENTSPLY","CAJA",6,"UNID",,,0,,,,"-","-","N"
"ENDODONCIA","LIMAS K-FILE MAILLEFER 21MM # 35 - CAJA X  6 UNID","DENTSPLY","CAJA",6,"UNID",,,0,,,,"-","-","N"
"ENDODONCIA","LIMAS K-FILE MAILLEFER 21MM # 40 - CAJA X  6 UNID","DENTSPLY","CAJA",6,"UNID",,,0,,,,"-","-","N"
"ENDODONCIA","LIMAS K-FILE MAILLEFER 21MM # 45 - CAJA X  6 UNID","DENTSPLY","CAJA",6,"UNID",,,0,,,,"-","-","N"
"ENDODONCIA","LIMAS K-FILE MAILLEFER 21MM # 50 - CAJA X  6 UNID","DENTSPLY","CAJA",6,"UNID",,,0,,,,"-","-","N"
"ENDODONCIA","LIMAS K-FILE MAILLEFER 21MM # 55 - CAJA X  6 UNID","DENTSPLY","CAJA",6,"UNID",,,0,,,,"-","-","N"
"ENDODONCIA","LIMAS K-FILE MAILLEFER 21MM # 60 - CAJA X  6 UNID","DENTSPLY","CAJA",6,"UNID",,,0,,,,"-","-","N"
"ENDODONCIA","LIMAS K-FILE MAILLEFER 21MM # 70 - CAJA X  6 UNID","DENTSPLY","CAJA",6,"UNID",,,0,,,,"-","-","N"
"ENDODONCIA","LIMAS K-FILE MAILLEFER 21MM # 80 - CAJA X  6 UNID","DENTSPLY","CAJA",6,"UNID",,,0,,,,"-","-","N"
"ENDODONCIA","LIMAS K-FILE MAILLEFER 25MM # 15 - CAJA X  6 UNID","DENTSPLY","CAJA",6,"UNID",,,0,,,,"-","-","N"
"ENDODONCIA","LIMAS K-FILE MAILLEFER 25MM # 20 - CAJA X  6 UNID","DENTSPLY","CAJA",6,"UNID",,,0,,,,"-","-","N"
"ENDODONCIA","LIMAS K-FILE MAILLEFER 25MM # 25 - CAJA X  6 UNID","DENTSPLY","CAJA",6,"UNID",,,0,,,,"-","-","N"
"ENDODONCIA","LIMAS K-FILE MAILLEFER 25MM # 30 - CAJA X  6 UNID","DENTSPLY","CAJA",6,"UNID",,,0,,,,"-","-","N"
"ENDODONCIA","LIMAS K-FILE MAILLEFER 25MM # 35 - CAJA X  6 UNID","DENTSPLY","CAJA",6,"UNID",,,0,,,,"-","-","N"
"ENDODONCIA","LIMAS K-FILE MAILLEFER 25MM # 40 - CAJA X  6 UNID","DENTSPLY","CAJA",6,"UNID",,,0,,,,"-","-","N"
"ENDODONCIA","LIMAS K-FILE MAILLEFER 25MM # 45 - CAJA X  6 UNID","DENTSPLY","CAJA",6,"UNID",,,0,,,,"-","-","N"
"ENDODONCIA","LIMAS K-FILE MAILLEFER 25MM # 50 - CAJA X  6 UNID","DENTSPLY","CAJA",6,"UNID",,,0,,,,"-","-","N"
"ENDODONCIA","LIMAS K-FILE MAILLEFER 25MM # 55 - CAJA X  6 UNID","DENTSPLY","CAJA",6,"UNID",,,0,,,,"-","-","N"
"ENDODONCIA","LIMAS K-FILE MAILLEFER 25MM # 60 - CAJA X  6 UNID","DENTSPLY","CAJA",6,"UNID",,,0,,,,"-","-","N"
"ENDODONCIA","LIMAS K-FILE MAILLEFER 25MM # 70 - CAJA X  6 UNID","DENTSPLY","CAJA",6,"UNID",,,0,,,,"-","-","N"
"ENDODONCIA","LIMAS K-FILE MAILLEFER 25MM # 80 - CAJA X  6 UNID","DENTSPLY","CAJA",6,"UNID",,,0,,,,"-","-","N"
"ENDODONCIA","LIMAS K-FILE MAILLEFER 28MM # 15 - CAJA X  6 UNID","DENTSPLY","CAJA",6,"UNID",,,0,,,,"-","-","N"
"ENDODONCIA","LIMAS K-FILE MAILLEFER 28MM # 20 - CAJA X  6 UNID","DENTSPLY","CAJA",6,"UNID",,,0,,,,"-","-","N"
"ENDODONCIA","LIMAS K-FILE MAILLEFER 28MM # 25 - CAJA X  6 UNID","DENTSPLY","CAJA",6,"UNID",,,0,,,,"-","-","N"
"ENDODONCIA","LIMAS K-FILE MAILLEFER 28MM # 30 - CAJA X  6 UNID","DENTSPLY","CAJA",6,"UNID",,,0,,,,"-","-","N"
"ENDODONCIA","LIMAS K-FILE MAILLEFER 28MM # 35 - CAJA X  6 UNID","DENTSPLY","CAJA",6,"UNID",,,0,,,,"-","-","N"
"ENDODONCIA","LIMAS K-FILE MAILLEFER 28MM # 40 - CAJA X  6 UNID","DENTSPLY","CAJA",6,"UNID",,,0,,,,"-","-","N"
"ENDODONCIA","LIMAS K-FILE MAILLEFER 28MM # 45 - CAJA X  6 UNID","DENTSPLY","CAJA",6,"UNID",,,0,,,,"-","-","N"
"ENDODONCIA","LIMAS K-FILE MAILLEFER 28MM # 50 - CAJA X  6 UNID","DENTSPLY","CAJA",6,"UNID",,,0,,,,"-","-","N"
"ENDODONCIA","LIMAS K-FILE MAILLEFER 28MM # 55 - CAJA X  6 UNID","DENTSPLY","CAJA",6,"UNID",,,0,,,,"-","-","N"
"ENDODONCIA","LIMAS K-FILE MAILLEFER 28MM # 60 - CAJA X  6 UNID","DENTSPLY","CAJA",6,"UNID",,,0,,,,"-","-","N"
"ENDODONCIA","LIMAS K-FILE MAILLEFER 28MM # 70 - CAJA X  6 UNID","DENTSPLY","CAJA",6,"UNID",,,0,,,,"-","-","N"
"ENDODONCIA","LIMAS K-FILE MAILLEFER 28MM # 80 - CAJA X  6 UNID","DENTSPLY","CAJA",6,"UNID",,,0,,,,"-","-","N"
"IMPLANTE","IMPLANTE HE 4.0X 10 - CAJA X 1 UNIDADES","CONEXIÓN","CAJA",1,"CAJA",,,0,,,,"-","-","N"
"IMPLANTE","INJERTO OSEO (HUESO) - UNID","GEN MIX","UNID",1,"UNID",,,0,,,,"-","-","N"
"IMPLANTE","ANALOGO CONE MORSE - UNID","GENERAL","UNID",1,"UNID",,,0,,,,"-","-","N"
"IMPLANTE","ANALOGO HE-PP 4.1MM - UNID","GENERAL","UNID",1,"UNID",,,0,,,,"-","-","N"
"IMPLANTE","ANALOGO HE-PP 5.0MM - UNID","GENERAL","UNID",1,"UNID",,,0,,,,"-","-","N"
"IMPLANTE","ANALOGO HI-PP 3.8MM - UNID","GENERAL","UNID",1,"UNID",,,0,,,,"-","-","N"
"IMPLANTE","ANALOGO HI-PP 4.5MM - UNID","GENERAL","UNID",1,"UNID",,,0,,,,"-","-","N"
"IMPLANTE","ANALOGO PARA MINIPILAR - UNID","GENERAL","UNID",1,"UNID",,,0,,,,"-","-","N"
"IMPLANTE","BACK-ACTION - UNID","GENERAL","UNID",1,"UNID",,,0,,,,"-","-","N"
"IMPLANTE","CICATRIZADOR CONE MORSE - UNID","GENERAL","UNID",1,"UNID",,,0,,,,"-","-","N"
"IMPLANTE","CICATRIZADOR HE DIVERGENTE PP 4.1*2MM - UNID","GENERAL","UNID",1,"UNID",,,0,,,,"-","-","N"
"IMPLANTE","CICATRIZADOR HE DIVERGENTE PP3.4MM-ALT 4MM - UNID","GENERAL","UNID",1,"UNID",,,0,,,,"-","-","N"
"IMPLANTE","CICATRIZADOR HE DIVERGENTE PP4.1MM-ALT 4MM - UNID","GENERAL","UNID",1,"UNID",,,0,,,,"-","-","N"
"IMPLANTE","CICATRIZADOR HE DIVERGENTE PP4.1MM-ALT6MM - UNID","GENERAL","UNID",1,"UNID",,,0,,,,"-","-","N"
"IMPLANTE","CICATRIZADOR HE DIVERGENTE PP4.1MM-ALT8MM - UNID","GENERAL","UNID",1,"UNID",,,0,,,,"-","-","N"
"IMPLANTE","CICATRIZADOR HE DIVERGENTE PP4.1MM-ATL:2MM - UNID","GENERAL","UNID",1,"UNID",,,0,,,,"-","-","N"
"IMPLANTE","CICATRIZADOR HE DIVERGENTE PP5.0MM-ALT6MM - UNID","GENERAL","UNID",1,"UNID",,,0,,,,"-","-","N"
"IMPLANTE","CICATRIZADOR HE PARALELO PP 4.1*2MM - UNID","GENERAL","UNID",1,"UNID",,,0,,,,"-","-","N"
"IMPLANTE","CICATRIZADOR HE PARALELO PP 4.1MM-ALT 4MM - UNID","GENERAL","UNID",1,"UNID",,,0,,,,"-","-","N"
"IMPLANTE","CICATRIZADOR HE PARALELO PP5.0MM-ALT2MM - UNID","GENERAL","UNID",1,"UNID",,,0,,,,"-","-","N"
"IMPLANTE","CICATRIZADOR HI PP 5.5*4 - UNID","GENERAL","UNID",1,"UNID",,,0,,,,"-","-","N"
"IMPLANTE","CICATRIZADOR HI PP3.8MM-ALT2MM - UNID","GENERAL","UNID",1,"UNID",,,0,,,,"-","-","N"
"IMPLANTE","CICATRIZADOR HI PP3.8MM-ALT4MM - UNID","GENERAL","UNID",1,"UNID",,,0,,,,"-","-","N"
"IMPLANTE","CICATRIZADOR HI PP4.5*4 - UNID","GENERAL","UNID",1,"UNID",,,0,,,,"-","-","N"
"IMPLANTE","CICATRIZADOR HI PP4.5MM-ALT6MM - UNID","GENERAL","UNID",1,"UNID",,,0,,,,"-","-","N"
"IMPLANTE","CICATRIZADOR PARA MINIPILAR - UNID","GENERAL","UNID",1,"UNID",,,0,,,,"-","-","N"
"IMPLANTE","CILINDRO PROVISORIO DE TITANIO HE - UNID","GENERAL","UNID",1,"UNID",,,0,,,,"-","-","N"
"IMPLANTE","CILINDRO PROVISORIO DE TITANIO HE-SE - UNID","GENERAL","UNID",1,"UNID",,,0,,,,"-","-","N"
"IMPLANTE","CILINDRO PROVISORIO DE TITANIO HI - UNID","GENERAL","UNID",1,"UNID",,,0,,,,"-","-","N"
"IMPLANTE","CILINDRO PROVISORIO DE TITANIO PARA MINIPILAR - UNID","GENERAL","UNID",1,"UNID",,,0,,,,"-","-","N"
"IMPLANTE","ENXERTO OSSEO 0.75 CC - UNID","GENERAL","UNID",1,"UNID",,,0,,,,"-","-","N"
"IMPLANTE","EXHERTO OSSEO - UNID","GENERAL","UNID",1,"UNID",,,0,,,,"-","-","N"
"IMPLANTE","IMPLANTE HI 3.8*11.5 - CAJA X 1 UNIDADES","GENERAL","CAJA",1,"CAJA",,,0,,,,"-","-","N"
"IMPLANTE","IMPLANTE INTRAOS 3.25 X 11MM - UNID","GENERAL","UNID",1,"UNID",,,0,,,,"-","-","N"
"IMPLANTE","IMPLANTE TITAOS HE 4.1*3.25*11 - UNID","GENERAL","UNID",1,"UNID",,,0,,,,"-","-","N"
"IMPLANTE","LLAVE HEXAGONAL DE IMPLANTE - UNID","GENERAL","UNID",1,"UNID",,,0,,,,"-","-","N"
"IMPLANTE","MINIPILAR ANGULADO 32º ALT:2MM - UNID","GENERAL","UNID",1,"UNID",,,0,,,,"-","-","N"
"IMPLANTE","MINIPILAR ANGULADO 32º ALT:3MM - UNID","GENERAL","UNID",1,"UNID",,,0,,,,"-","-","N"
"IMPLANTE","MINIPILAR ANGULADO 32º ALT:4MM - UNID","GENERAL","UNID",1,"UNID",,,0,,,,"-","-","N"
"IMPLANTE","MINIPILAR ANGULADO 4.1*3*17° HEXAGONAL - UNID","GENERAL","UNID",1,"UNID",,,0,,,,"-","-","N"
"IMPLANTE","MINIPILAR ANGULADO HE 32° - UNID","GENERAL","UNID",1,"UNID",,,0,,,,"-","-","N"
"IMPLANTE","MINIPILAR RECTO DIVERGENTE ALT:2MM - UNID","GENERAL","UNID",1,"UNID",,,0,,,,"-","-","N"
"IMPLANTE","MINIPILAR RECTO DIVERGENTE ALT:3MM - UNID","GENERAL","UNID",1,"UNID",,,0,,,,"-","-","N"
"IMPLANTE","MINIPILAR RECTO DIVERGENTE ALT:4MM - UNID","GENERAL","UNID",1,"UNID",,,0,,,,"-","-","N"
"IMPLANTE","MINIPILAR RECTO PARALELO ALT:3MM - UNID","GENERAL","UNID",1,"UNID",,,0,,,,"-","-","N"
"IMPLANTE","MINIPILAR RECTO PARALELO ALT:4MM - UNID","GENERAL","UNID",1,"UNID",,,0,,,,"-","-","N"
"IMPLANTE","PARAFUSO CONE MORSE PARA LABORATORIO - UNID","GENERAL","UNID",1,"UNID",,,0,,,,"-","-","N"
"IMPLANTE","PARAFUSO DE RETENCION HE-CUADRADO - UNID","GENERAL","UNID",1,"UNID",,,0,,,,"-","-","N"
"IMPLANTE","PARAFUSO DE RETENCION HE-HEXAGONAL - UNID","GENERAL","UNID",1,"UNID",,,0,,,,"-","-","N"
"IMPLANTE","PARAFUSO DE RETENCION HI - UNID","GENERAL","UNID",1,"UNID",,,0,,,,"-","-","N"
"IMPLANTE","PARAFUSO DE RETENCION PARA MINIPILAR - UNID","GENERAL","UNID",1,"UNID",,,0,,,,"-","-","N"
"IMPLANTE","PARAFUSO HE-PP 4.1MM - UNID","GENERAL","UNID",1,"UNID",,,0,,,,"-","-","N"
"IMPLANTE","PARAFUSO HE-PP 5.0MM - UNID","GENERAL","UNID",1,"UNID",,,0,,,,"-","-","N"
"IMPLANTE","PARAFUSO HI-PP 3.8 MM - UNID","GENERAL","UNID",1,"UNID",,,0,,,,"-","-","N"
"IMPLANTE","PARAFUSO HI-PP 4.5MM - UNID","GENERAL","UNID",1,"UNID",,,0,,,,"-","-","N"
"IMPLANTE","PARAFUSO PARA MINIPILAR - UNID","GENERAL","UNID",1,"UNID",,,0,,,,"-","-","N"
"IMPLANTE","PARAFUSO PARA MINIPILAR ANGULADO LARGO - UNID","GENERAL","UNID",1,"UNID",,,0,,,,"-","-","N"
"IMPLANTE","PARAFUSO PARA MINIPILAR RECTO ALT:2MM - UNID","GENERAL","UNID",1,"UNID",,,0,,,,"-","-","N"
"IMPLANTE","PARAFUSO PARA MINIPILAR RECTO ALT:3MM - UNID","GENERAL","UNID",1,"UNID",,,0,,,,"-","-","N"
"IMPLANTE","PARAFUSO PARA MINIPILAR RECTO ALT:4MM - UNID","GENERAL","UNID",1,"UNID",,,0,,,,"-","-","N"
"IMPLANTE","PARAFUSO PARA PROVISORIO DE MINIPILAR - UNID","GENERAL","UNID",1,"UNID",,,0,,,,"-","-","N"
"IMPLANTE","PARAFUSO PARA UCLA HE C/E - UNID","GENERAL","UNID",1,"UNID",,,0,,,,"-","-","N"
"IMPLANTE","PERIOTOMO FLEXIBLE - UNID","GENERAL","UNID",1,"UNID",,,0,,,,"-","-","N"
"IMPLANTE","PINCEL PARA IMPLANTE - UNID","GENERAL","UNID",1,"UNID",,,0,,,,"-","-","N"
"IMPLANTE","TRANSFERENTE + PARAFUSO CONE MORSE - UNID","GENERAL","UNID",1,"UNID",,,0,,,,"-","-","N"
"IMPLANTE","TRANSFERENTE HE-PP 4.1MM - UNID","GENERAL","UNID",1,"UNID",,,0,,,,"-","-","N"
"IMPLANTE","TRANSFERENTE HE-PP5.0MM - UNID","GENERAL","UNID",1,"UNID",,,0,,,,"-","-","N"
"IMPLANTE","TRANSFERENTE HI-PP 3.8MM - UNID","GENERAL","UNID",1,"UNID",,,0,,,,"-","-","N"
"IMPLANTE","TRANSFERENTE HI-PP 4.5MM - UNID","GENERAL","UNID",1,"UNID",,,0,,,,"-","-","N"
"IMPLANTE","TRANSFERENTE HI-PP 5.5MM - UNID","GENERAL","UNID",1,"UNID",,,0,,,,"-","-","N"
"IMPLANTE","UCLA + PARAFUSO CONE MORSE - UNID","GENERAL","UNID",1,"UNID",,,0,,,,"-","-","N"
"IMPLANTE","UCLA CALCINABLE PARA MINIPILAR + PARAFUSO - UNID","GENERAL","UNID",1,"UNID",,,0,,,,"-","-","N"
"IMPLANTE","UCLA HE / HEXAGONAL + PARAFUSO - UNID","GENERAL","UNID",1,"UNID",,,0,,,,"-","-","N"
"IMPLANTE","UCLA HE-CE - UNID","GENERAL","UNID",1,"UNID",,,0,,,,"-","-","N"
"IMPLANTE","UCLA HE-SE - UNID","GENERAL","UNID",1,"UNID",,,0,,,,"-","-","N"
"IMPLANTE","UCLA HI / HEXAGONAL + PARAFUSO - UNID","GENERAL","UNID",1,"UNID",,,0,,,,"-","-","N"
"IMPLANTE","UCLA PARA MINIPILAR - UNID","GENERAL","UNID",1,"UNID",,,0,,,,"-","-","N"
"IMPLANTE","IMPLANTE HE 4,1X3,25 - UNID","INTRAOOS","UNID",1,"UNID",,,0,,,,"-","-","N"
"IMPLANTE","IMPLANTE CONE MORSE  - UNID","NEODENT","UNID",1,"UNID",,,0,,,,"-","-","N"
"IMPLANTE","IMPLANTE HE 4,1 X3,75X11.5 - CAJA X 1 UNIDADES","SIN STRONG","CAJA",1,"CAJA",,,0,,,,"-","-","N"
"IMPLANTE","IMPLANTE HE 4,1 X3,75X13 - CAJA X 1 UNIDADES","SIN STRONG","CAJA",1,"CAJA",,,0,,,,"-","-","N"
"IMPLANTE","IMPLANTE HE 4,1 X3,75X15 - CAJA X 1 UNIDADES","SIN STRONG","CAJA",1,"CAJA",,,0,,,,"-","-","N"
"IMPLANTE","IMPLANTE HE 4.1X3,75X7MM - CAJA X 1 UNIDADES","SIN STRONG","CAJA",1,"CAJA",,,0,,,,"-","-","N"
"IMPLANTE","IMPLANTE HI 3,8X11,5 - CAJA X 1 UNIDADES","SIN STRONG","CAJA",1,"CAJA",,,0,,,,"-","-","N"
"IMPLANTE","IMPLANTE HI 3,8X13 - CAJA X 1 UNIDADES","SIN STRONG","CAJA",1,"CAJA",,,0,,,,"-","-","N"
"IMPLANTE","IMPLANTE HI 3,8X15 - CAJA X 1 UNIDADES","SIN STRONG","CAJA",1,"CAJA",,,0,,,,"-","-","N"
"IMPLANTE","IMPLANTE HI 3,8X8,5 - CAJA X 1 UNIDADES","SIN STRONG","CAJA",1,"CAJA",,,0,,,,"-","-","N"
"IMPLANTE","IMPLANTE HI 4,5X10 - CAJA X 1 UNIDADES","SIN STRONG","CAJA",1,"CAJA",,,0,,,,"-","-","N"
"IMPLANTE","IMPLANTE HI 4,5X13 - CAJA X 1 UNIDADES","SIN STRONG","CAJA",1,"CAJA",,,0,,,,"-","-","N"
"IMPLANTE","IMPLANTE HI 4,5X15 - CAJA X 1 UNIDADES","SIN STRONG","CAJA",1,"CAJA",,,0,,,,"-","-","N"
"IMPLANTE","IMPLANTE HE 4.1 X 8,5MM - CAJA X 1 UNIDADES","SIN TRYON","CAJA",1,"CAJA",,,0,,,,"-","-","N"
"IMPLANTE","IMPLANTE HE 5,0X10 - CAJA X 1 UNIDADES","SIN TRYON","CAJA",1,"CAJA",,,0,,,,"-","-","N"
"IMPLANTE","IMPLANTE HE 4.1X3,75X8.5MM - CAJA X 1 UNIDADES","SIN_STRONG","CAJA",1,"CAJA",,,0,,,,"-","-","N"
"IMPLANTE","IMPLANTE HE 3,5X 8,5MM - CAJA X 1 UNIDADES","SIN'TRYON","CAJA",1,"CAJA",,,0,,,,"-","-","N"
"IMPLANTE","IMPLANTE HE 4.1X10MM - CAJA X 1 UNIDADES","TRYON","CAJA",1,"CAJA",,,0,,,,"-","-","N"
"IMPLANTE","KIT DE LIMPIEZA DE IMPLANTE - KIT","VITIS","KIT",1,"KIT",,,0,,,,"-","-","N"
"LABORATORIO","GOMAS DE PULIDO PARA IMAX - KIT X 6 UNID","GENERAL","KIT",6,"UNID",0,0,90,0,0,90,0,0,300
"PROTESIS","ACRILICO DURALAY  (KIT POLVO LIQUIDO) - KIT (POLVO 56G Y LIQUIDO 60 ML)","RELIANCE","KIT",1,"KIT",0,1,30,0,0,30,0,0,360
"INSTRUMENTAL","LENTES DE SEGURIDAD TRANAPARENTE - UNID","GENERAL","UNID",1,"UNID",0,0,360,,,"P",0,2,360
"LABORATORIO","RESINA ACRILICA (POLVO, LKIQUIDO) - KIT (P 40GR, L 40 ML)","DENTUSOFT","KIT",1,"KIT",0,0,360,,,,0,0,360
"LABORATORIO","CEPILLO DE CERDA 19 MM (DE CABRA)  - UNID","GENERAL","UNID",1,"UNID",0,0,360,,,,0,0,360
"LABORATORIO","FRESON  - UNID","GENERAL","UNID",1,"UNID",0,0,360,,,,0,0,360
"LABORATORIO","RESINA (PARA MUESTRA) - JERINGA","GENERAL","JERINGA",1,"JERINGA",0,0,360,,,,0,0,360
"LABORATORIO","BORAX  - FRASCO X 25 GR","MORELLI","FRASCO",1,"FRASCO",0,0,360,,,,0,0,360
"LABORATORIO","MAQUILLAJE VITA AKZENT  # AKZ 02 - FRASCO X 3 GR","VITA","FRASCO",1,"FRASCO",0,0,360,,,,0,0,360
"LABORATORIO","MAQUILLAJE VITA AKZENT  # AKZ 03 - FRASCO X 3 GR","VITA","FRASCO",1,"FRASCO",0,0,360,,,,0,0,360
"LABORATORIO","MAQUILLAJE VITA AKZENT  # AKZ 15 - FRASCO X 3 GR","VITA","FRASCO",1,"FRASCO",0,0,360,,,,0,0,360
"LABORATORIO","MAQUILLAJE VITA AKZENT  # AKZ 18 - FRASCO X 3 GR","VITA","FRASCO",1,"FRASCO",0,0,360,,,,0,0,360
"LABORATORIO","GINGIVA3 -  G3 - FRASCO X 12 GR","VITA VM 13","FRASCO",1,"FRASCO",0,0,360,,,,0,0,360
"LABORATORIO","SILICONA DE CONDENZACION  - POMO X 1 KL","ZETALABOR","POMO",1,"POMO",0,0,360,,,,0,0,360
"LABORATORIO","HILO DE CERA 2.5 MM - ROLLO X 225 GR","GENERAL","ROLLO",1,"ROLLO",0,0,540,,,,0,0,540
"PROTESIS","ACRILICO DE AUTOCURADO POLVO # 62 - FRASCO X 450 GR.","VITACROM","FRASCO",1,"FRASCO",0,1,30,0,0,30,0,0,60
"PROTESIS","ACRILICO DE AUTOCURADO POLVO ROSADO - FRASCO X 450 GR.","VITACROM","FRASCO",1,"FRASCO",0,1,30,0,0,30,0,0,60
"PROTESIS","ACRILICO DE AUTOCURADO POLVO # 66 - FRASCO X 450 GR.","VITACROM","FRASCO",1,"FRASCO",0,0,360,0,0,360,0,0,60
"PROTESIS","ACRILICO DE AUTOCURADO POLVO TRANSPARENTE - FRASCO X 450 GR.","VITACROM","FRASCO",1,"FRASCO",0,0,60,0,0,360,0,0,60
"PROTESIS","ACRILICO DE AUTOCURADO POLVO # 59 - FRASCO X 450 GR.","VITACROM","FRASCO",1,"FRASCO",0,0,90,0,0,90,0,0,60
"LABORATORIO","BASE DENTINA 2M2 - FRASCO X 50 GR","VITA VM 13","FRASCO",1,"FRASCO",0,0,60,,,,0,0,60
"LABORATORIO","BASE DENTINA 2M3 - FRASCO X 50 GR","VITA VM 13","FRASCO",1,"FRASCO",0,0,60,,,,0,0,60
"LABORATORIO","TRANSPA DENTINA  2M2 - FRASCO X 50 GR","VITA VM 13","FRASCO",1,"FRASCO",0,0,60,,,,0,0,60
"LABORATORIO","TRANSPA DENTINA  2M3 - FRASCO X 50 GR","VITA VM 13","FRASCO",1,"FRASCO",0,0,60,,,,0,0,60
"LABORATORIO","WINDOW  (TRANSPARENTE) - FRASCO X 12 GR","VITA VM 13","FRASCO",1,"FRASCO",0,0,60,,,,0,0,60
"LABORATORIO","CERA PARA INMERCION GRANULADA - BOLSA X 80 GR","YETI","BOLSA",1,"BOLSA",0,0,30,,,,0,0,60
"LABORATORIO","OXIDO DE ALUMINIO 125 MICRAS     ZETA BAND - BOLSA X 1 KLG","ZHERMACK","BOLSA",1,"BOLSA",0,0,60,,,,0,0,60
"LABORATORIO","ACRILICO DE TERMOCURADO LIQUIDO (MONOMERO) - FRASCO X 240 ML",,"FRASCO",1,"FRASCO",1,1,60,,,,0,1,60
"LABORATORIO","DISCO DE TRAPO (PARA PULIR, ACABADO CON CUERO) - UNID","GENERAL","UNID",1,"UNID",0,0,720,,,,0,0,720
"LABORATORIO","ACEITE DE RICINO - FRASCO X 30 ML","GENERAL","FRASCO",1,"FRASCO",0,0,90,,,,0,0,90
"LABORATORIO","BASE DENTINA 3M2 - FRASCO X 50 GR","VITA VM 13","FRASCO",1,"FRASCO",0,0,90,,,,0,0,90
"LABORATORIO","ENAMEL  (INSISAL) - FRASCO X 50 GR","VITA VM 13","FRASCO",1,"FRASCO",0,0,90,,,,0,0,90
"LABORATORIO","TRANSPA DENTINA  3M3 - FRASCO X 50 GR","VITA VM 13","FRASCO",1,"FRASCO",0,0,90,,,,0,0,90
"LABORATORIO","ACRILICO DE TERMOCURADO POLVO # 59 - FRASCO X 450 GR.",,"FRASCO",1,"FRASCO",0,0,90,,,,0,0,90
"LABORATORIO","ACRILICO DE TERMOCURADO POLVO # 62 - FRASCO X 450 GR.",,"FRASCO",1,"FRASCO",0,0,90,,,,0,0,90
"LABORATORIO","ACRILICO DE TERMOCURADO POLVO # 66 - FRASCO X 450 GR.",,"FRASCO",1,"FRASCO",0,0,90,,,,0,0,90
"LABORATORIO","ACRILICO DE TERMOCURADO POLVO ROSADO - FRASCO X 450 GR.",,"FRASCO",1,"FRASCO",0,0,90,,,,0,0,90
"LABORATORIO","PIEDRA POMEZ - BOLSA X 1 KLG","GENERAL","BOLSA",1,"BOLSA",0,0,120,,,,0,0,120
"LABORATORIO","BASE DENTINA 2M1 - FRASCO X 50 GR","VITA VM 13","FRASCO",1,"FRASCO",0,0,120,,,,0,0,120
"LABORATORIO","BASE DENTINA 3M1 - FRASCO X 50 GR","VITA VM 13","FRASCO",1,"FRASCO",0,0,120,,,,0,0,120
"LABORATORIO","BASE DENTINA 3M3 - FRASCO X 50 GR","VITA VM 13","FRASCO",1,"FRASCO",0,0,120,,,,0,0,120
"LABORATORIO","OPAQUE  2 (POLVO) - FRASCO X  12 GR","VITA VM 13","FRASCO",1,"FRASCO",0,0,120,,,,0,0,120
"LABORATORIO","OPAQUE 3 (POLVO) - FRASCO X  12 GR","VITA VM 13","FRASCO",1,"FRASCO",0,0,120,,,,0,0,120
"LABORATORIO","TRANSPA DENTINA  2M1 - FRASCO X 50 GR","VITA VM 13","FRASCO",1,"FRASCO",0,0,120,,,,0,0,120
"LABORATORIO","WASH OPAQUE  - FRASCO X  12 GR","VITA VM 13","FRASCO",1,"FRASCO",0,0,120,,,,0,0,120
"LABORATORIO","CERA CERVICAL ROJO - POMO X 10 GR","YETY","POMO",1,"POMO",0,0,120,,,,0,0,120
"LABORATORIO","ACRILICO DE TERMOCURADO POLVO TRANSPARENTE - FRASCO X 450 GR.",,"FRASCO",1,"FRASCO",0,0,120,,,,0,0,120
"ESTETICA","PAPEL DE ARTICULAR - CAJA X 12 BLISTER","DOUBLE CHECK","CAJA",12,"UNID",0,12,30,1,3,7,0,0,150
"LABORATORIO","DISCO METALICO DIAMANTADO GRANO FINO - UNID","GENERAL","UNID",1,"UNID",0,0,150,,,,0,0,150
"LABORATORIO","PIEDRA ABRASIVA GRANO FINO - KIT X 5 UNID","GENERAL","KIT",5,"UNID",0,0,150,,,,0,0,150
"LABORATORIO","GLASS LIQUIDO VITA AKZENT - FRASCO X 20 ML","VITA VM 13","FRASCO",1,"FRASCO",0,0,150,,,,0,0,150
"LABORATORIO","OPAQUE FLUID - FRASCO X 50 ML","VITA VM 13","FRASCO",1,"FRASCO",0,0,150,,,,0,0,150
"LABORATORIO","TRANSPA DENTINA  3M1 - FRASCO X 50 GR","VITA VM 13","FRASCO",1,"FRASCO",0,0,150,,,,0,0,150
"LABORATORIO","PERLA DE VIDRIO 90 MICRAS     ZETA BAND - BOLSA X 1 KLG","ZHERMACK","BOLSA",1,"BOLSA",0,0,150,,,,0,0,150
"TODOS","AISLANTE PARA YESO - FRASCO X 500 ML","GENERAL","FRASCO",1,"FRASCO",0,0,150,,,"P",0,0,150
"LABORATORIO"," GAS PARA ENCENDEDORES (SOLDAR) - FRASCO X 360 ML","GENERAL","FRASCO",1,"FRASCO",0,0,180,,,,0,0,180
"LABORATORIO","DISCO DE FIELTRO - UNID","GENERAL","UNID",1,"UNID",0,0,180,,,,0,0,180
"LABORATORIO","CERA PARA MODELAR C/ PLOMO - POMO  X 70 GR","GEO CLASSIC","POMO",1,"POMO",0,0,180,,,,0,0,180
"LABORATORIO","KIT DE MAQUILLAJE Y GLASEADO IVOCOLOR   - KIT 14 TUBOS DE COLOR, 02 PALETAS DE MODELO DE COLOR","IVOCLAR VIVIADENT","KIT",1,"KIT",0,0,180,,,,0,0,180
"LABORATORIO","PASTILLA IMAX  HO0 - TUBO  X 5 UNID","IVOCLAR VIVIADENT","TUBO",1,"TUBO",0,0,180,,,,0,0,180
"LABORATORIO","PASTILLA IMAX  HTA1 - TUBO  X 5 UNID","IVOCLAR VIVIADENT","TUBO",1,"TUBO",0,0,180,,,,0,0,180
"LABORATORIO","PASTILLA IMAX  LTA1 - TUBO  X 5 UNID","IVOCLAR VIVIADENT","TUBO",1,"TUBO",0,0,180,,,,0,0,180
"LABORATORIO","PASTILLA IMAX  LTBL1 - TUBO  X 5 UNID","IVOCLAR VIVIADENT","TUBO",1,"TUBO",0,0,180,,,,0,0,180
"LABORATORIO","PASTILLA IMAX  MTA1 - TUBO  X 5 UNID","IVOCLAR VIVIADENT","TUBO",1,"TUBO",0,0,180,,,,0,0,180
"LABORATORIO","KIT MONOLITHIC SOLITIONS 16 PIEZAS E MAX - KIT 16 PIEZAS","IVOCLAR VIVIADENT","KIT",16,"UNID",0,0,180,,,,0,0,180
"LABORATORIO","CROMA PLUS 2 - CP2 - FRASCO X 12 GR","VITA VM 13","FRASCO",1,"FRASCO",0,0,180,,,,0,0,180
"LABORATORIO","GLASS POLVO  VITA AKZENT - FRASCO X 12 GR","VITA VM 13","FRASCO",1,"FRASCO",0,0,180,,,,0,0,180
"LABORATORIO","MODELLING FLUIT - FRASCO X 50 ML","VITA VM 13","FRASCO",1,"FRASCO",0,0,180,,,,0,0,180
"LABORATORIO","KIT DE FRESAS DIAMANTADAS PARA LABORATORIO - KIS X 30 UNID","GENERAL","KIT",30,"UNID",0,0,210,,,,0,0,210
"PROTESIS","ACRILICO DE AUTOCURADO LIQUIDO (MONOMERO) - FRASCO X 240 ML","VITACROM","FRASCO",1,"FRASCO",1,1,30,0,0,30,0,1,30
"LABORATORIO","GOMAS DE PULIDO PARA METAL (CIRCULAR, CILINDRICA) - UNID","GENERAL","UNID",1,"UNID",0,1,30,0,0,120,1,3,30
"INSTRUMENTAL","DISCO DE CORTE - UNID","GENERAL","UNID",1,"UNID",0,2,180,0,1,30,3,10,30
"INSTRUMENTAL","DISCO DE DESGASTE - UNID","GENERAL","UNID",1,"UNID",0,2,180,0,1,30,2,6,30
"LABORATORIO","YESO TIPO II - BOLSA X 1 KLG","PENTADER","BOLSA",1,"BOLSA",0,2,30,0,1,15,1,3,30
"LABORATORIO","YESO TIPO III - BOLSA X 1 KLG","PENTADER","BOLSA",1,"BOLSA",0,2,30,0,1,15,3,8,30
"LABORATORIO","YESO TIPO IV - BOLSA X 1 KLG","RUBIMIX","BOLSA",1,"BOLSA",0,2,30,0,1,15,1,4,30
"PROTESIS","CERA RODETE  - CAJA X 10 BARRAS","TOP WAX","CAJA",10,"UNID",4,10,30,1,3,30,1,4,30
"PROTESIS","CERA BASE ROJA - CAJA X 20 UNID","TOP WAX","CAJA",20,"UNID",10,20,30,1,5,7,1,4,30
"LABORATORIO","MASCARILLA ASEPTEX   - UNID","3M","UNID",1,"UNID",0,0,240,,,,2,8,30
"LABORATORIO","CASTORIT SUPER C LIQUIDO - FRASCO X 3.5 ML","DENTAURUM","FRASCO",1,"FRASCO",0,1,30,,,,1,3,30
"LABORATORIO","CASTORIT SUPER C POLVO - BOLSA X 150 GR","DENTAURUM","BOLSA",1,"BOLSA",1,2,30,,,,2,5,30
"LABORATORIO","REMA - UNID X 400 GR","DENTAURUM","UNID",1,"UNID",0,1,30,,,,3,9,30
"LABORATORIO","ALAMBRE # 9 - ROLLO X 3 M","GENERAL","ROLLO",1,"ROLLO",0,1,30,,,,0,0,30
"LABORATORIO","ALCOHOL ETILICO - FRASCO X 1.5 LT","GENERAL","FRASCO",1,"FRASCO",0,1,30,,,,0,0,30
"LABORATORIO","SOLDADURA DE CROMO - BARILLA","GENERAL","BARILLA",1,"BARILLA",0,1,30,,,,0,1,30
"LABORATORIO","SOLDADURA DE PLATA - ROLLO X 2 M","GENERAL","ROLLO",1,"ROLLO",0,1,30,,,,0,0,30
"LABORATORIO","PINES DOBLES METALICOS - CAJA X 50 UNID","GENERAL","CAJA",50,"UNID",10,25,60,,,,10,25,30
"LABORATORIO","HOJA DE BISTURI #11  - CAJA X  100 UND","GENERAL","CAJA",100,"UNID",30,100,60,,,,10,40,30
"LABORATORIO","REVESTIMIENTO PRESVEST  (LIQUIDO) - FRASCO X 100 ML","IVOCLAR VIVIADENT","FRASCO",1,"FRASCO",0,1,30,,,,0,0,30
"LABORATORIO","REVESTIMIENTO PRESVEST  (POLVO) - BOLSA X 100 GR","IVOCLAR VIVIADENT","BOLSA",1,"BOLSA",0,1,30,,,,1,3,30
"LABORATORIO","METAL  - UNID","NPG","UNID",1,"UNID",0,0,30,,,,5,15,30
"LABORATORIO","METAL  - PAQ X 1 KLG  X 159 UNID","WIRONIA","PAQUETE",159,"UNID",0,0,30,,,,5,15,30
"INSTRUMENTAL","MANDRILES - UNID","GENERAL","UNID",1,"UNID",0,0,360,0,0,1080,0,0,"P"
"INSTRUMENTAL","GAFAS PARA FUNDICION - UNID","GENERAL","UNID",1,"UNID",0,0,360,,,"P",0,0,"P"
"INSTRUMENTAL","OCLUSOR CON IMAN - UNID","GENERAL","UNID",1,"UNID",0,0,360,,,"P",0,0,"P"
"INSTRUMENTAL","PERFORADOR DE GOMA DIQUE - UNID","GENERAL","UNID",1,"UNID",0,0,360,0,0,360,,,
"INSTRUMENTAL","PUNTA LED - UNID","GENERAL","UNID",1,"UNID",0,0,360,0,0,360,,,
"INSTRUMENTAL","POSICIONADOR - KIT X 4 UNIDADES","GENERAL","KIT",4,"UNID",0,0,360,0,0,360,,,
"INSTRUMENTAL","DISCOS SOFLEX - UNID","GENERAL","UNID",1,"UNID",0,1,60,0,0,60,,,
"TODOS","ASTROBRUSH PARA PULIDO (DORADO) VASO LARGO - UNID","GENERAL","UNID",1,"UNID",1,1,90,0,0,90,,,
"TODOS","FRESA CILINDRICA PUNTA PLANA MEDIANA - UNID","GENERAL","UNID",1,"UNID",2,4,90,0,0,90,,,
"TODOS","FRESA CONO INVERTIDO - UNID","GENERAL","UNID",1,"UNID",0,4,90,0,0,90,,,
"TODOS","FRESA DE PULIDO DORADA - UNID","GENERAL","UNID",1,"UNID",0,1,90,0,0,90,,,
"TODOS","FRESA ENDO Z - UNID","GENERAL","UNID",1,"UNID",0,1,90,0,0,90,,,
"TODOS","FRESA FISURA - UNID","GENERAL","UNID",1,"UNID",2,4,90,0,0,90,,,
"TODOS","FRESA FISURA DORADA - UNID","GENERAL","UNID",1,"UNID",0,4,90,0,0,90,,,
"TODOS","FRESA FLAMA - UNID","GENERAL","UNID",1,"UNID",2,4,90,0,0,90,,,
"TODOS","FRESA PUNTA LAPIZ - UNID","GENERAL","UNID",1,"UNID",0,1,90,0,0,90,,,
"TODOS","FRESA QUIRURGICA - UNID","GENERAL","UNID",1,"UNID",0,1,90,0,0,90,,,
"TODOS","FRESA REDONDA MEDIANA - UNID","GENERAL","UNID",1,"UNID",0,4,90,0,0,90,,,
"TODOS","GATE GLIDEN #2 - UNID","GENERAL","UNID",1,"UNID",2,4,90,0,0,90,,,
"TODOS","GATE GLIDEN #3 - UNID","GENERAL","UNID",1,"UNID",2,4,90,0,0,90,,,
"TODOS","GATE GLIDEN #4 - UNID","GENERAL","UNID",1,"UNID",2,4,90,0,0,90,,,
"TODOS","GATE GLIDEN #5 - UNID","GENERAL","UNID",1,"UNID",2,4,90,0,0,90,,,
"TODOS","GATE GLIDEN #6 - UNID","GENERAL","UNID",1,"UNID",2,4,90,0,0,90,,,
"TODOS","GATE PARA PFV - UNID","GENERAL","UNID",1,"UNID",0,1,360,0,0,90,,,
"TODOS","GATES PESSO #1 - UNID","GENERAL","UNID",1,"UNID",2,4,90,0,0,90,,,
"TODOS","GATES PESSO #2 - UNID","GENERAL","UNID",1,"UNID",2,4,90,0,0,90,,,
"TODOS","GATES PESSO #3 - UNID","GENERAL","UNID",1,"UNID",2,4,90,0,0,90,,,
"TODOS","GATES PESSO #4 - UNID","GENERAL","UNID",1,"UNID",2,4,90,0,0,90,,,
"INSTRUMENTAL","BOTADOR - UNID","GENERAL","UNID",1,"UNID",0,0,360,0,0,1800,,,
"INSTRUMENTAL","CAMPOS DE CIRUGIA - UNID","GENERAL","UNID",1,"UNID",0,0,360,0,0,180,,,
"INSTRUMENTAL","SONDA PERIODONTAL - UNID","GENERAL","UNID",1,"UNID",0,0,360,0,0,180,,,
"INSTRUMENTAL","SUCTOR ENDODONTICO DE METAL - UNID","GENERAL","UNID",1,"UNID",0,0,360,0,0,180,,,
"INSTRUMENTAL","SONDA PARA ENDODONCIA - UNID","GENERAL","UNID",1,"UNID",0,0,360,0,0,180,,,
"INSTRUMENTAL","TOALLAS BLANCAS - UNID","GENERAL","UNID",1,"UNID",0,0,360,0,0,180,,,
"INSTRUMENTAL","ESPATULA DE RESINA - UNID","AESCULAPIO","UNID",1,"UNID",0,0,360,0,0,"P",,,
"INSTRUMENTAL","ATACADOR + GUTAPERCHERO - UNID","GENERAL","UNID",1,"UNID",0,0,360,0,0,"P",,,
"INSTRUMENTAL","BABEROS DE CIRUGIA - UNID","GENERAL","UNID",1,"UNID",0,0,360,0,0,"P",,,
"INSTRUMENTAL","BRUÑIDOR - UNID","GENERAL","UNID",1,"UNID",0,0,360,0,0,"P",,,
"INSTRUMENTAL","CARPULE SIN ARPON EN ""T"" - UNID","GENERAL","UNID",1,"UNID",0,0,360,0,0,"P",,,
"INSTRUMENTAL","CASTRO VIEJO - UNID","GENERAL","UNID",1,"UNID",0,0,360,0,0,"P",,,
"INSTRUMENTAL","CLAMP INCISIVOS - UNID","GENERAL","UNID",1,"UNID",0,0,360,0,0,"P",,,
"INSTRUMENTAL","CLAMP MOLARES - UNID","GENERAL","UNID",1,"UNID",0,0,360,0,0,"P",,,
"INSTRUMENTAL","CLAMP PREMOLARES - UNID","GENERAL","UNID",1,"UNID",0,0,360,0,0,"P",,,
"INSTRUMENTAL","CONDENSADOR DIGITAL 25MM # 35 - UNID","GENERAL","UNID",1,"UNID",0,0,360,0,0,"P",,,
"INSTRUMENTAL","CONDENSADOR DIGITAL 25MM # 40 - UNID","GENERAL","UNID",1,"UNID",0,0,360,0,0,"P",,,
"INSTRUMENTAL","CUBETAS METALICAS - RIM LUX (CRIBADAS) - UNID","GENERAL","UNID",1,"UNID",0,0,360,0,0,"P",,,
"INSTRUMENTAL","CUBETAS METALICAS - RIM LUX (LISAS) - UNID","GENERAL","UNID",1,"UNID",0,0,360,0,0,"P",,,
"INSTRUMENTAL","CUBETAS PARCIALES METALICAS DE ALUMINIO - UNID","GENERAL","UNID",1,"UNID",0,0,360,0,0,"P",,,
"INSTRUMENTAL","CURETA DE ALVEOLO - UNID","GENERAL","UNID",1,"UNID",0,0,360,0,0,"P",,,
"INSTRUMENTAL","CURETA DE MOLT - UNID","GENERAL","UNID",1,"UNID",0,0,360,0,0,"P",,,
"INSTRUMENTAL","CURETA DE OCHEVEIN - UNID","GENERAL","UNID",1,"UNID",0,0,360,0,0,"P",,,
"INSTRUMENTAL","DICALERO - UNID","GENERAL","UNID",1,"UNID",0,0,360,0,0,"P",,,
"INSTRUMENTAL","EMPAQUETADOR DE HILO - UNID","GENERAL","UNID",1,"UNID",0,0,360,0,0,"P",,,
"INSTRUMENTAL","ESOBILLA DE PULIDO - UNID","GENERAL","UNID",1,"UNID",0,0,360,0,0,"P",,,
"INSTRUMENTAL","ESPATULA DE CEMENTO  - UNID","GENERAL","UNID",1,"UNID",0,0,360,0,0,"P",,,
"INSTRUMENTAL","ESPATULA DE RESINA PUNTA DORADA Ó PLOMA - UNID","GENERAL","UNID",1,"UNID",0,0,360,0,0,"P",,,
"INSTRUMENTAL","ESPATULA DE SILICONA - UNID","GENERAL","UNID",1,"UNID",0,0,360,0,0,"P",,,
"INSTRUMENTAL","EXPLORADOR - UNID","GENERAL","UNID",1,"UNID",0,0,360,0,0,"P",,,
"INSTRUMENTAL","FRESERO - UNID","GENERAL","UNID",1,"UNID",0,0,360,0,0,"P",,,
"INSTRUMENTAL","FRESERO PEQUEÑO - UNID","GENERAL","UNID",1,"UNID",0,0,360,0,0,"P",,,
"INSTRUMENTAL","FRESON - UNID","GENERAL","UNID",1,"UNID",0,0,360,0,0,"P",,,
"INSTRUMENTAL","GANCHO PARA RX DE PLASTICO - UNID","GENERAL","UNID",1,"UNID",0,0,360,0,0,"P",,,
"INSTRUMENTAL","GANCHO PARA RX METALICO - UNID","GENERAL","UNID",1,"UNID",0,0,360,0,0,"P",,,
"INSTRUMENTAL","GOTERO - UNID","GENERAL","UNID",1,"UNID",0,0,360,0,0,"P",,,
"INSTRUMENTAL","GUTAPERCHERO + ATACADOR - UNID","GENERAL","UNID",1,"UNID",0,0,360,0,0,"P",,,
"INSTRUMENTAL","JERINGA DE SILICONA - UNID","GENERAL","UNID",1,"UNID",0,0,360,0,0,"P",,,
"INSTRUMENTAL","JERINGA PARA CALEN - UNID","GENERAL","UNID",1,"UNID",0,0,360,0,0,"P",,,
"INSTRUMENTAL","JERINGA TRIPLE PARA SILLON DE ORTODONCIA - UNID","GENERAL","UNID",1,"UNID",0,0,360,0,0,"P",,,
"INSTRUMENTAL","LINTERNA DE CABEZA - UNID","GENERAL","UNID",1,"UNID",0,0,360,0,0,"P",,,
"INSTRUMENTAL","MAX PADEN - UNID","GENERAL","UNID",1,"UNID",0,0,360,0,0,"P",,,
"INSTRUMENTAL","MECHERO - UNID","GENERAL","UNID",1,"UNID",0,0,360,0,0,"P",,,
"INSTRUMENTAL","PIEDRA PULIDOR - UNID","GENERAL","UNID",1,"UNID",0,0,360,0,0,"P",,,
"INSTRUMENTAL","PINZA COLAGEM - UNID","GENERAL","UNID",1,"UNID",0,0,360,0,0,"P",,,
"INSTRUMENTAL","PINZA CURVA - UNID","GENERAL","UNID",1,"UNID",0,0,360,0,0,"P",,,
"INSTRUMENTAL","PINZA PORTA CAMPO - UNID","GENERAL","UNID",1,"UNID",0,0,360,0,0,"P",,,
"INSTRUMENTAL","PLATINA DE VIDRIO - UNID","GENERAL","UNID",1,"UNID",0,0,360,0,0,"P",,,
"INSTRUMENTAL","PORTA BANDA MATRIZ - UNID","GENERAL","UNID",1,"UNID",0,0,360,0,0,"P",,,
"INSTRUMENTAL","PORTA BRACKETS - UNID","GENERAL","UNID",1,"UNID",0,0,360,0,0,"P",,,
"INSTRUMENTAL","PORTA DONAS - UNID","GENERAL","UNID",1,"UNID",0,0,360,0,0,"P",,,
"INSTRUMENTAL","PORTA MATHIEW QINELATO - UNID","GENERAL","UNID",1,"UNID",0,0,360,0,0,"P",,,
"INSTRUMENTAL","PORTACLAMS - UNID","GENERAL","UNID",1,"UNID",0,0,360,0,0,"P",,,
"INSTRUMENTAL","PORTAFRESAS MINIREDONDO - UNID","GENERAL","UNID",1,"UNID",0,0,360,0,0,"P",,,
"INSTRUMENTAL","POSICIONADOR DE BRAQUETES - UNID","GENERAL","UNID",1,"UNID",0,0,360,0,0,"P",,,
"INSTRUMENTAL","RECIPIENTE METALICO - UNID","GENERAL","UNID",1,"UNID",0,0,360,0,0,"P",,,
"INSTRUMENTAL","REGLA MILIMETRADA - UNID","GENERAL","UNID",1,"UNID",0,0,360,0,0,"P",,,
"INSTRUMENTAL","SEPARADOR DE MINENZOTA - UNID","GENERAL","UNID",1,"UNID",0,0,360,0,0,"P",,,
"INSTRUMENTAL","SUCTOR METÁLICO PARA CIRUGIA - UNID","GENERAL","UNID",1,"UNID",0,0,360,0,0,"P",,,
"INSTRUMENTAL","TIJERA  PUNTA RECTA  - UNID","GENERAL","UNID",1,"UNID",0,0,360,0,0,"P",,,
"INSTRUMENTAL","TIJERA DE ENCIA - UNID","GENERAL","UNID",1,"UNID",0,0,360,0,0,"P",,,
"INSTRUMENTAL","TORRE PARA ARCOS - UNID","GENERAL","UNID",1,"UNID",0,0,360,0,0,"P",,,
"INSTRUMENTAL","CUBETAS TOTALES DE PLASTICO  SUPERIOR L  - KIT X 2","GENERAL","KIT",2,"UNID",0,0,360,0,0,"P",,,
"INSTRUMENTAL","CUBETAS TOTALES DE PLASTICO  SUPERIOR M - KIT X 2","GENERAL","KIT",2,"UNID",0,0,360,0,0,"P",,,
"INSTRUMENTAL","CUBETAS TOTALES DE PLASTICO  SUPERIOR S - KIT X 2","GENERAL","KIT",2,"UNID",0,0,360,0,0,"P",,,
"INSTRUMENTAL","TOPE  DE GOMA TAMAÑO GRANDE - PAQ X 3","GENERAL","PAQUETE",3,"UNID",1,3,360,0,0,"P",,,
"INSTRUMENTAL","TOPE  DE GOMA TAMAÑO MEDIANO - PAQ X 3","GENERAL","PAQUETE",3,"UNID",1,3,360,0,0,"P",,,
"INSTRUMENTAL","TOPE  DE GOMA TAMAÑO PEQUEÑO - PAQ X 3","GENERAL","PAQUETE",3,"UNID",1,3,360,0,0,"P",,,
"INSTRUMENTAL","ESPEJOS BUCALES - CAJA X 12 PZS","GENERAL","CAJA",12,"UNID",6,12,360,0,0,"P",,,
"INSTRUMENTAL","CURETA DE DENTINA ADULTOS - UNID","MYLEFER","UNID",1,"UNID",0,0,360,0,0,"P",,,
"INSTRUMENTAL","CURETA DE DENTINA NIÑOS - UNID","MYLEFER","UNID",1,"UNID",0,0,360,0,0,"P",,,
"INSTRUMENTAL","CURETA GRACE - UNID","ORIGINAL","UNID",1,"UNID",0,0,360,0,0,"P",,,
"INSTRUMENTAL","ESTRACTOR DE CORONAS DE 5 PUNTAS - UNID","UNID","UNID",1,"UNID",0,0,360,0,0,"P",,,
"INSTRUMENTAL","ALICATE DE CORTE DISTAL - UNID","GENERAL","UNID",1,"UNID",0,0,360,0,0,"P",,,
"INSTRUMENTAL","ARCO OSTBY - UNID","GENERAL","UNID",1,"UNID",0,0,360,0,0,"P",,,
"INSTRUMENTAL","ARCO YOUNG - UNID","GENERAL","UNID",1,"UNID",0,0,360,0,0,"P",,,
"INSTRUMENTAL","BABERO CLINICO CON LOGOTIPO EN TELA - UNID","GENERAL","UNID",1,"UNID",0,0,360,0,0,"P",,,
"INSTRUMENTAL","BANDEJAS ACANALADAS - UNID","GENERAL","UNID",1,"UNID",0,0,360,0,0,"P",,,
"INSTRUMENTAL","CAMPOS VERDES DE CIRUGIA - UNID","GENERAL","UNID",1,"UNID",0,0,360,0,0,"P",,,
"INSTRUMENTAL","CURETA BACK-ACTION - UNID","GENERAL","UNID",1,"UNID",0,0,360,0,0,"P",,,
"INSTRUMENTAL","CUBETAS TOTALES DE PLASTICO   INFERIOR M - ","GENERAL","UNID",1,"UNID",,,0,,,"P",,,
"INSTRUMENTAL","CUBETAS TOTALES DE PLASTICO   INFERIOR S - ","GENERAL","UNID",1,"UNID",,,0,,,"P",,,
"INSTRUMENTAL","CUBETAS TOTALES DE PLASTICO  INFERIOR L - ","GENERAL","UNID",1,"UNID",,,0,,,"P",,,
"INSTRUMENTAL","PKT # 2 - UNID","GENERAL","UNID",1,"UNID",0,0,360,,,"P",0,0,
