"ENDODONCIA","LIMAS K-FILE 25MM #08","GRAL",,,,,,,,,"UNID",,,,
"ENDODONCIA","LIMAS K-FILE 25MM #10","GRAL",,,,,,,,,"UNID",,,,
"ENDODONCIA","LIMAS K-FILE 25MM #15","GRAL",,,,,,,,,"UNID",,,,10
"ENDODONCIA","LIMAS K-FILE 25MM #20","GRAL",,,,,,,,,"UNID",,,,5
"ENDODONCIA","LIMAS K-FILE 25MM #25","GRAL",,,,,,,,,"UNID",,,,9
"ENDODONCIA","LIMAS K-FILE 25MM #30","GRAL",,,,,,,,,"UNID",,,,2
"ENDODONCIA","LIMAS K-FILE 25MM #35","GRAL",,,,,,,,,"UNID",,,,2
"ENDODONCIA","LIMAS K-FILE 25MM #40","GRAL",,,,,,,,,"UNID",,,,2
"ENDODONCIA","LIMAS K-FILE 25MM #45","GRAL",,,,,,,,,"UNID",,,,
"ENDODONCIA","LIMAS K-FILE 25MM #50","GRAL",,,,,,,,,"UNID",,,,
"ENDODONCIA","LIMAS K-FILE 25MM #55","GRAL",,,,,,,,,"UNID",,,,
"ENDODONCIA","LIMAS K-FILE 25MM #60","GRAL",,,,,,,,,"UNID",,,,
"ENDODONCIA","LIMAS K-FILE 25MM #70","GRAL",,,,,,,,,"UNID",,,,
"ENDODONCIA","LIMAS K-FILE 25MM #80","GRAL",,,,,,,,,"UNID",,,,3
"ENDODONCIA","LIMAS K-FILE 28MM #06","GRAL",,,,,,,,,"UNID",,,,
"ENDODONCIA","LIMAS K-FILE 28MM #08","GRAL",,,,,,,,,"UNID",,,,
"ENDODONCIA","LIMAS K-FILE 28MM #10","GRAL",,,,,,,,,"UNID",,,,
"ENDODONCIA","LIMAS K-FILE 28MM #15","GRAL",,,,,,,,,"UNID",,,,2
"ENDODONCIA","LIMAS K-FILE 28MM #20","GRAL",,,,,,,,,"UNID",,,,4
"ENDODONCIA","LIMAS K-FILE 28MM #25","GRAL",,,,,,,,,"UNID",,,,6
"ENDODONCIA","LIMAS K-FILE 28MM #30","GRAL",,,,,,,,,"UNID",,,,6
"ENDODONCIA","LIMAS K-FILE 28MM #35","GRAL",,,,,,,,,"UNID",,,,5
"ENDODONCIA","LIMAS K-FILE 28MM #40","GRAL",,,,,,,,,"UNID",,,,4
"ENDODONCIA","LIMAS K-FILE 28MM #45","GRAL",,,,,,,,,"UNID",,,,3
"ENDODONCIA","LIMAS K-FILE 28MM #50","GRAL",,,,,,,,,"UNID",,,,3
"ENDODONCIA","LIMAS K-FILE 28MM #55","GRAL",,,,,,,,,"UNID",,,,3
"ENDODONCIA","LIMAS K-FILE 28MM #60","GRAL",,,,,,,,,"UNID",,,,3
"ENDODONCIA","LIMAS K-FILE 28MM #70","GRAL",,,,,,,,,"UNID",,,,3
"ENDODONCIA","LIMAS K-FILE 28MM #80","GRAL",,,,,,,,,"UNID",,,,3
"ENDODONCIA","LIMAS K-FILE 28MM PRIMERA SERIE","GRAL",,,,,,,,,"KIT X 6",,,,
"ENDODONCIA","LIMAS K-FILE 28MM SEGUNDA SERIE","GRAL",,,,,,,,,"KIT X 6",,,,
"ENDODONCIA","LIMAS K-FLEXOFILE 25MM #15","GRAL",,,,,,,,,"UNID",,,,
"ENDODONCIA","LIMAS K-FLEXOFILE 25MM #20","GRAL",,,,,,,,,"UNID",,,,
"ENDODONCIA","LIMAS K-FLEXOFILE 25MM #25","GRAL",,,,,,,,,"UNID",,,,
"ENDODONCIA","LIMAS K-FLEXOFILE 25MM #30","GRAL",,,,,,,,,"UNID",,,,
"ENDODONCIA","LIMAS K-FLEXOFILE 25MM #35","GRAL",,,,,,,,,"UNID",,,,
"ENDODONCIA","LIMAS K-FLEXOFILE 25MM #40","GRAL",,,,,,,,,"UNID",,,,
"ENDODONCIA","LIMAS NITTI 21MM #15","GRAL",,,,,,,,,"UNID",,,,
"ENDODONCIA","LIMAS NITTI 21MM #20","GRAL",,,,,,,,,"UNID",,,,
"ENDODONCIA","LIMAS NITTI 21MM #25","GRAL",,,,,,,,,"UNID",,,,
"ENDODONCIA","LIMAS NITTI 21MM #30","GRAL",,,,,,,,,"UNID",,,,
"ENDODONCIA","LIMAS NITTI 21MM #35","GRAL",,,,,,,,,"UNID",,,,
"ENDODONCIA","LIMAS NITTI 21MM #40","GRAL",,,,,,,,,"UNID",,,,
"ENDODONCIA","LIMAS NITTI 25MM #20","GRAL",,,,,,,,,"UNID",,,,
"ENDODONCIA","LIMAS NITTI 25MM #25","GRAL",,,,,,,,,"UNID",,,,
"ENDODONCIA","LIMAS NITTI 25MM #30","GRAL",,,,,,,,,"UNID",,,,
"ENDODONCIA","LIMAS NITTI 25MM #35","GRAL",,,,,,,,,"UNID",,,,
"ENDODONCIA","LIMAS NITTI 25MM #40","GRAL",,,,,,,,,"UNID",,,,
"ENDODONCIA","LIMPIA FRESAS","GRAL",,,,,,,,,"UNID",,,,
"ENDODONCIA","MAX PADEN","GRAL",,,,,,,,,"UNID",,,,
"ENDODONCIA","OLEO DE LARANJA","BIODINAMICA",,,,,,,,,"FRASCO X  10 ML",,,,1
"ENDODONCIA","OXIDO DE ZINC ","MOYCO",,,,,,,,,"FRASCO X 450 GR.",,,,
"ENDODONCIA","PARAMONOCLOROFENOLALCANFORADO  OJO NO SE USA","BIODINAMICA",,,,,,,,,"FRASCO X 20 ML.",,,,4
"ENDODONCIA","PERFORADOR DE GOMA DIQUE","GRAL",,,,,,,,,"UNID",,,,
"ENDODONCIA","PUNTAS NAVI TIPS (IRRIGADOR)","GRAL",,,,,,,,,"JUEGO",,,,1
"ENDODONCIA","SONDA PARA ENDODONCIA","GRAL",,,,,,,,,"UNID",,,,
"ENDODONCIA","SUCTOR ENDODONTICO DE METAL","INMEDENT",,,,,,,,,"KIT",,,,
"ESTETICA","ACIDO FOSFORICO 37%","ETCHANTGEL","FRASCO X 13 GR.",0,1,"15 DIAS",,,,,"FRASCO X 13 GR.",1,2,,1
"ESTETICA","ADHESIVO  ","3M ESPE -Z250","FRASCO X 6 GR",0,0,"ESPECIAL",,,,,"FRASCO X 6 GR",0,1,,3
"ESTETICA","ADHESIVO   (BOND 2.1, PRIME BOND 2.1)","GENERAL","FRASCO X 4 ML",0,0,"30 DIAS",,,,,"FRASCO X 4 ML",0,2,,
"ESTETICA","ADHESIVO   X 1 ML","PALFIQUE BOND","UNID",0,0,"ESPECIAL",,,,,"FRASCO X 6 GR",0,1,,1
"ESTETICA","ASTROBRUSH","GRAL",,,,,,,,,"UNID",,,,3
"ESTETICA","BLANQUEAMIENTO","WITHENNES",,,,,,,,,"CAJA X 1 UNID",,,,1
"ESTETICA","BLANQUEAMIENTO ","WITHENNES",,,,,,,,,"KIT",,,,
"ESTETICA","BLANQUEAMIENTO WITHENNES AL 35 % PEROXIDO DE HIDROGENO","FGM","KIT",0,1,"USO UNICO POR PACIENTE",,,,,"KIT",1,2,,
"ESTETICA","BLANQUEAMIENTO WITHENNES SUPER ENDO 37% ","FGM","KIT",0,1,"USO UNICO POR PACIENTE",,,,,"KIT",1,2,,
"ESTETICA","CEMENTO DE FOSFATO DE ZINC (OXIFOSFATO)","GRAL","KIT (LIQ. POLVO)",0,0,"6 MESES",,,,,"KIT (LIQ. POLVO)",0,0,,
"ESTETICA","CEMENTO RESINOSO DUAL","ALLCEM",,,,,,,,,"UNID X 2.5 GR",,,,4
"ESTETICA","CEMENTO RESINOSO DUAL ALLCEM (BASE A2)","FGM","UNID X 2.5 GR",0,0,"3 MESES",,,,,"UNID X 2.5 GR",,1,,
"ESTETICA","CEMENTO RESINOSO DUAL ALLCEM (CATALIZADOR)","FGM","UNID X 2.5 GR",0,0,"3 MESES",,,,,"UNID X 2.5 GR",,1,,
"ESTETICA","CEMENTO RESINOSO DUAL ALLCEM (POLVO LIQUIDO)","FGM","KIT (POLVO LIQUIDO)",0,0,"3 MESES",,,,,"KIT (POLVO LIQUIDO)",0,0,,
"ESTETICA","CINTA CELULOIDE","GRAL",,,,,,,,,"PAQ",,,,
"ESTETICA","CINTA CELULOIDE (TIRA DE POLIESTER)","GRAL","UNID",1,5,"6 MESES",,,,,"PAQUETE X 50 UNID",0,1,,6
"ESTETICA","DYCAL - HIDROXIDO DE CALCIO (DE PLASTICO)","ALPHA-DENT(BIODINAMICA)",,,,,,,,,"FRASCO X 10 G.",,,,4
"ESTETICA","IONOMERO DE BASE ","KETACBOND",,,,,,,,,"UNID",,,,1
"ESTETICA","IONOMERO DE BASE  NO COMPRAR","IONOBOND ",,,,,,,,,"UNID",,,,1
"ESTETICA","IONOMERO DE CEMENTACION","KETAC CEM",,,,,,,,,"UNID",,,,1
"ESTETICA","IONOMERO DE RESTAURACION","MAXXION",,,,,,,,,"KIT (POLVO LIQUIDO)",,,,3
"ESTETICA","IONOMERO DE RESTAURACION ","KETAC BOND",,,,,,,,,"KIT (POLVO LIQUIDO)",,,,
"ESTETICA","IONOMERO DE RESTAURACION ","KETAC MOLAR",,,,,,,,,"KIT (POLVO LIQUIDO)",,,,1
"ESTETICA","MICROBRUSH","DOCHEM",,,,,,,,,"PAQ X 100 UNIDADES",,,,3
"ESTETICA","PAPEL DE ARTICULAR","DOUBLE CHECK",,,,,,,,,"BLISTER X 65 UND",,,,6
"ESTETICA","RESINA","LLIS A2",,,,,,,,,"JERINGA X 3.5 O 4 GR.",,,,
"ESTETICA","RESINA","OPALLIS DA2 ",,,,,,,,,"JERINGA 4 GR.",,,,
"ESTETICA","RESINA A1","3M ESPE -Z250",,,,,,,,,"JERINGA X 4GR.",,,,2
"ESTETICA","RESINA A1","TETRIC",,,,,,,,,"UNID",,,,2
"ESTETICA","RESINA A2","3M ESPE -Z250",,,,,,,,,"JERINGA X 4GR.",,,,0
"ESTETICA","RESINA A2","TETRIC",,,,,,,,,"UNID",,,,3
"ESTETICA","RESINA A2","LIS",,,,,,,,,"JERINGA X 2 GR.",,,,
"ESTETICA","RESINA A3","3M ESPE -Z250",,,,,,,,,"JERINGA X 4GR.",,,,2
"ESTETICA","RESINA A3","TETRIC",,,,,,,,,"UNID",,,,
"ESTETICA","RESINA A3.5","3M ESPE -Z250",,,,,,,,,"JERINGA X 4GR.",,,,1
"ESTETICA","RESINA B2","3M ESPE -Z250",,,,,,,,,"JERINGA X 4GR.",,,,3
"ESTETICA","RESINA B2","TETRIC",,,,,,,,,"UNID",,,,1
"ESTETICA","RESINA D1","OPALLIS ",,,,,,,,,"UNID X 4 GR",,,,
"ESTETICA","RESINA D2","OPALLIS ",,,,,,,,,"UNID X 4 GR",,,,
"ESTETICA","RESINA E-BLEACH","OPALLIS ",,,,,,,,,"UNID X 4 GR",,,,
"ESTETICA","RESINA FLUIDA  A1","OPALLIS",,,,,,,,,"JERINGA X 2 GR.",,,,1
"ESTETICA","RESINA FLUIDA  A2","MASTER FLOW",,,,,,,,,"JERINGA X 2 GR.",,,,
"ESTETICA","RESINA FLUIDA  A2 HYBRILUX","DENSELL",,,,,,,,,"JERINGA X 2 GR.",,,,
"ESTETICA","RESINA LX5 A2","PALFIQUE",,,,,,,,,"JERINGA",,,,3
"ESTETICA","RESINA LX5 OA2","PALFIQUE",,,,,,,,,"JERINGA",,,,1
"ESTETICA","RESINA T-BLUE","OPALLIS ",,,,,,,,,"UNID X  4 GR",,,,
"ESTETICA","RESINA T-NEUTRAL ","OPALLIS ",,,,,,,,,"UNID X 4 GR",,,,
"ESTETICA","RESINA T-YELLOW","OPALLIS ",,,,,,,,,"UNID X 4 GR",,,,
"ESTETICA","TIRA DE LIJAR METALICA","GRAL",,,,,,,,,"PAQ. X 12 UNID",,,,0
"ESTETICA","TIRAS DE LIJAR DE RESINA Ó ABRASIVAS","POLISHING",,,,,,,,,"TIRA X 25 UNID",,,,2
"ESTETICA","VITREMER ","GRAL",,,,,,,,,"KIT(5GR./2.5ML.+ PRIMER 2ML)",,,,2
"GENERAL","ACEITE LUBRICANTE (PARA PIEZA DE MANO)","GENERAL","SPRAY 480 ML",0,0,"30 DIAS",,,,,"SPRAY 480 ML",1,1,,1
"IMPLANTE","ANALOGO CONE MORSE","GRAL",,,,,,,,,"UNID",,,,
"IMPLANTE","ANALOGO HE-PP 4.1MM","GRAL",,,,,,,,,"UNID",,,,
"IMPLANTE","ANALOGO HE-PP 5.0MM","GRAL",,,,,,,,,"UNID",,,,
"IMPLANTE","ANALOGO HI-PP 3.8MM","GRAL",,,,,,,,,"UNID",,,,
"IMPLANTE","ANALOGO HI-PP 4.5MM","GRAL",,,,,,,,,"UNID",,,,
"IMPLANTE","ANALOGO PARA MINIPILAR","GRAL",,,,,,,,,"UNID",,,,
"IMPLANTE","BACK-ACTION","GRAL",,,,,,,,,"UNID",,,,
"IMPLANTE","CICATRIZADOR CONE MORSE","GRAL",,,,,,,,,"UNID",,,,
"IMPLANTE","CICATRIZADOR HE DIVERGENTE PP 4.1*2MM","GRAL",,,,,,,,,"UNID",,,,
"IMPLANTE","CICATRIZADOR HE DIVERGENTE PP3.4MM-ALT 4MM","GRAL",,,,,,,,,"UNID",,,,
"IMPLANTE","CICATRIZADOR HE DIVERGENTE PP4.1MM-ALT 4MM","GRAL",,,,,,,,,"UNID",,,,
"IMPLANTE","CICATRIZADOR HE DIVERGENTE PP4.1MM-ALT6MM","GRAL",,,,,,,,,"UNID",,,,
"IMPLANTE","CICATRIZADOR HE DIVERGENTE PP4.1MM-ALT8MM","GRAL",,,,,,,,,"UNID",,,,
"IMPLANTE","CICATRIZADOR HE DIVERGENTE PP4.1MM-ATL:2MM","GRAL",,,,,,,,,"UNID",,,,
"IMPLANTE","CICATRIZADOR HE DIVERGENTE PP5.0MM-ALT6MM","GRAL",,,,,,,,,"UNID",,,,
"IMPLANTE","CICATRIZADOR HE PARALELO PP 4.1*2MM","GRAL",,,,,,,,,"UNID",,,,
"IMPLANTE","CICATRIZADOR HE PARALELO PP 4.1MM-ALT 4MM","GRAL",,,,,,,,,"UNID",,,,
"IMPLANTE","CICATRIZADOR HE PARALELO PP5.0MM-ALT2MM","GRAL",,,,,,,,,"UNID",,,,
"IMPLANTE","CICATRIZADOR HI PP 5.5*4","GRAL",,,,,,,,,"UNID",,,,
"IMPLANTE","CICATRIZADOR HI PP3.8MM-ALT2MM","GRAL",,,,,,,,,"UNID",,,,
"IMPLANTE","CICATRIZADOR HI PP3.8MM-ALT4MM","GRAL",,,,,,,,,"UNID",,,,
"IMPLANTE","CICATRIZADOR HI PP4.5*4","GRAL",,,,,,,,,"UNID",,,,
"IMPLANTE","CICATRIZADOR HI PP4.5MM-ALT6MM","GRAL",,,,,,,,,"UNID",,,,
"IMPLANTE","CICATRIZADOR PARA MINIPILAR","GRAL",,,,,,,,,"UNID",,,,
"IMPLANTE","CILINDRO PROVISORIO DE TITANIO HE","GRAL",,,,,,,,,"UNID",,,,
"IMPLANTE","CILINDRO PROVISORIO DE TITANIO HE-SE","GRAL",,,,,,,,,"UNID",,,,
"IMPLANTE","CILINDRO PROVISORIO DE TITANIO HI","GRAL",,,,,,,,,"UNID",,,,
"IMPLANTE","CILINDRO PROVISORIO DE TITANIO PARA MINIPILAR","GRAL",,,,,,,,,"UNID",,,,
"IMPLANTE","ENXERTO OSSEO 0.75 CC","GRAL",,,,,,,,,"UNID",,,,
"IMPLANTE","EXHERTO OSSEO","GRAL",,,,,,,,,"UNID",,,,
"IMPLANTE","IMPLANTE CONE MORSE ","NEODENT",,,,,,,,,"UNID",,,,
"IMPLANTE","IMPLANTE HE 3,5X 8,5MM","SIN'TRYON",,,,,,,,,"CAJA X 1 UNIDADES",,,,
"IMPLANTE","IMPLANTE HE 4,1 X3,75X11.5","SIN STRONG",,,,,,,,,"CAJA X 1 UNIDADES",,,,
"IMPLANTE","IMPLANTE HE 4,1 X3,75X13","SIN STRONG",,,,,,,,,"CAJA X 1 UNIDADES",,,,
"IMPLANTE","IMPLANTE HE 4,1 X3,75X15","SIN STRONG",,,,,,,,,"CAJA X 1 UNIDADES",,,,
"IMPLANTE","IMPLANTE HE 4,1X3,25","INTRAOOS",,,,,,,,,"UNID",,,,
"IMPLANTE","IMPLANTE HE 4.0X 10","CONEXIÓN",,,,,,,,,"CAJA X 1 UNIDADES",,,,
"IMPLANTE","IMPLANTE HE 4.1 X 8,5MM","SIN TRYON",,,,,,,,,"CAJA X 1 UNIDADES",,,,
"IMPLANTE","IMPLANTE HE 4.1X10MM","TRYON",,,,,,,,,"CAJA X 1 UNIDADES",,,,
"IMPLANTE","IMPLANTE HE 4.1X3,75X7MM","SIN",,,,,,,,,"CAJA X 1 UNIDADES",,,,
"IMPLANTE","IMPLANTE HE 4.1X3,75X8.5MM","SIN_STRONG",,,,,,,,,"CAJA X 1 UNIDADES",,,,
"IMPLANTE","IMPLANTE HE 5,0X10","SIN TRYON",,,,,,,,,"CAJA X 1 UNIDADES",,,,
"IMPLANTE","IMPLANTE HI 3,8X11,5","SIN STRONG",,,,,,,,,"CAJA X 1 UNIDADES",,,,
"IMPLANTE","IMPLANTE HI 3,8X13","SIN STRONG",,,,,,,,,"CAJA X 1 UNIDADES",,,,
"IMPLANTE","IMPLANTE HI 3,8X15","SIN STRONG",,,,,,,,,"CAJA X 1 UNIDADES",,,,
"IMPLANTE","IMPLANTE HI 3,8X8,5","SIN STRONG",,,,,,,,,"CAJA X 1 UNIDADES",,,,
"IMPLANTE","IMPLANTE HI 3.8*11.5","GRAL",,,,,,,,,"CAJA X 1 UNIDADES",,,,
"IMPLANTE","IMPLANTE HI 4,5X10","SIN STRONG",,,,,,,,,"CAJA X 1 UNIDADES",,,,
"IMPLANTE","IMPLANTE HI 4,5X13","SIN STRONG",,,,,,,,,"CAJA X 1 UNIDADES",,,,
"IMPLANTE","IMPLANTE HI 4,5X15","SIN STRONG",,,,,,,,,"CAJA X 1 UNIDADES",,,,
"IMPLANTE","IMPLANTE INTRAOS 3.25 X 11MM","GRAL",,,,,,,,,"UNID",,,,
"IMPLANTE","IMPLANTE TITAOS HE 4.1*3.25*11","GRAL",,,,,,,,,"UNID",,,,
"IMPLANTE","INJERTO OSEO (HUESO)","GEN MIX",,,,,,,,,"CAJA",,,,
"IMPLANTE","KIT DE LIMPIEZA DE IMPLANTE","VITIS",,,,,,,,,"KIT",,,,
"IMPLANTE","LLAVE HEXAGONAL DE IMPLANTE","GRAL",,,,,,,,,"UNID",,,,
"IMPLANTE","MINIPILAR ANGULADO 32º ALT:2MM","GRAL",,,,,,,,,"UNID",,,,
"IMPLANTE","MINIPILAR ANGULADO 32º ALT:3MM","GRAL",,,,,,,,,"UNID",,,,
"IMPLANTE","MINIPILAR ANGULADO 32º ALT:4MM","GRAL",,,,,,,,,"UNID",,,,
"IMPLANTE","MINIPILAR ANGULADO 4.1*3*17° HEXAGONAL","GRAL",,,,,,,,,"UNID",,,,
"IMPLANTE","MINIPILAR ANGULADO HE 32°","GRAL",,,,,,,,,"UNID",,,,
"IMPLANTE","MINIPILAR RECTO DIVERGENTE ALT:2MM","GRAL",,,,,,,,,"UNID",,,,
"IMPLANTE","MINIPILAR RECTO DIVERGENTE ALT:3MM","GRAL",,,,,,,,,"UNID",,,,
"IMPLANTE","MINIPILAR RECTO DIVERGENTE ALT:4MM","GRAL",,,,,,,,,"UNID",,,,
"IMPLANTE","MINIPILAR RECTO PARALELO ALT:3MM","GRAL",,,,,,,,,"UNID",,,,
"IMPLANTE","MINIPILAR RECTO PARALELO ALT:4MM","GRAL",,,,,,,,,"UNID",,,,
"IMPLANTE","PARAFUSO CONE MORSE PARA LABORATORIO","GRAL",,,,,,,,,"UNID",,,,
"IMPLANTE","PARAFUSO DE RETENCION HE-CUADRADO","GRAL",,,,,,,,,"UNID",,,,
"IMPLANTE","PARAFUSO DE RETENCION HE-HEXAGONAL","GRAL",,,,,,,,,"UNID",,,,
"IMPLANTE","PARAFUSO DE RETENCION HI","GRAL",,,,,,,,,"UNID",,,,
"IMPLANTE","PARAFUSO DE RETENCION PARA MINIPILAR","GRAL",,,,,,,,,"UNID",,,,
"IMPLANTE","PARAFUSO HE-PP 4.1MM","GRAL",,,,,,,,,"UNID",,,,
"IMPLANTE","PARAFUSO HE-PP 5.0MM","GRAL",,,,,,,,,"UNID",,,,
"IMPLANTE","PARAFUSO HI-PP 3.8 MM","GRAL",,,,,,,,,"UNID",,,,
"IMPLANTE","PARAFUSO HI-PP 4.5MM","GRAL",,,,,,,,,"UNID",,,,
"IMPLANTE","PARAFUSO PARA MINIPILAR","GRAL",,,,,,,,,"UNID",,,,
"IMPLANTE","PARAFUSO PARA MINIPILAR ANGULADO LARGO","GRAL",,,,,,,,,"UNID",,,,
"IMPLANTE","PARAFUSO PARA MINIPILAR RECTO ALT:2MM","GRAL",,,,,,,,,"UNID",,,,
"IMPLANTE","PARAFUSO PARA MINIPILAR RECTO ALT:3MM","GRAL",,,,,,,,,"UNID",,,,
"IMPLANTE","PARAFUSO PARA MINIPILAR RECTO ALT:4MM","GRAL",,,,,,,,,"UNID",,,,
"IMPLANTE","PARAFUSO PARA PROVISORIO DE MINIPILAR","GRAL",,,,,,,,,"UNID",,,,
"IMPLANTE","PARAFUSO PARA UCLA HE C/E","GRAL",,,,,,,,,"UNID",,,,
"IMPLANTE","PERIOTOMO FLEXIBLE","GRAL",,,,,,,,,"UNID",,,,
"IMPLANTE","PINCEL PARA IMPLANTE","GRAL",,,,,,,,,"UNID",,,,
"IMPLANTE","RESINA ACRILICA PATTER   LIQUIDO Y POLVO","KIT ",,,,,,,,,"UNID",,,,
"IMPLANTE","TRANSFERENTE + PARAFUSO CONE MORSE","GRAL",,,,,,,,,"UNID",,,,
"IMPLANTE","TRANSFERENTE HE-PP 4.1MM","GRAL",,,,,,,,,"UNID",,,,
"IMPLANTE","TRANSFERENTE HE-PP5.0MM","GRAL",,,,,,,,,"UNID",,,,
"IMPLANTE","TRANSFERENTE HI-PP 3.8MM","GRAL",,,,,,,,,"UNID",,,,
"IMPLANTE","TRANSFERENTE HI-PP 4.5MM","GRAL",,,,,,,,,"UNID",,,,
"IMPLANTE","TRANSFERENTE HI-PP 5.5MM","GRAL",,,,,,,,,"UNID",,,,
"IMPLANTE","UCLA + PARAFUSO CONE MORSE","GRAL",,,,,,,,,"UNID",,,,
"IMPLANTE","UCLA CALCINABLE PARA MINIPILAR + PARAFUSO","GRAL",,,,,,,,,"UNID",,,,
"IMPLANTE","UCLA HE / HEXAGONAL + PARAFUSO","GRAL",,,,,,,,,"UNID",,,,
"IMPLANTE","UCLA HE-CE","GRAL",,,,,,,,,"UNID",,,,
"IMPLANTE","UCLA HE-SE","GRAL",,,,,,,,,"UNID",,,,
"IMPLANTE","UCLA HI / HEXAGONAL + PARAFUSO","GRAL",,,,,,,,,"UNID",,,,
"IMPLANTE","UCLA PARA MINIPILAR","GRAL",,,,,,,,,"UNID",,,,
"INSTRUMENTAL","ABRE BOCA DE GOMA TAMAÑO MEDIANO","GRAL","UNID",0,0,"PEDIDO",,,,,"PAQ X 3",1,3,"PEDIDO",3
"INSTRUMENTAL","ATACADOR + GUTAPERCHERO","GRAL","UNID",0,0,"PEDIDO",,,,,"UNID",0,0,"PEDIDO",
"INSTRUMENTAL","BRUÑIDOR","GRAL","UNID",0,0,"PEDIDO",,,,,"UNID",0,0,"PEDIDO",
"INSTRUMENTAL","CARPULE SIN ARPON EN ""T""","GRAL","UNID",0,0,"PEDIDO",,,,,"UNID",0,0,"PEDIDO",6
"INSTRUMENTAL","CARPULE SIN ARPON EN ""T""","GRAL","UNID",0,0,"PEDIDO",,,,,"UNID",0,0,"PEDIDO",
"INSTRUMENTAL","CASTRO VIEJO","GRAL","UNID",0,0,"PEDIDO",,,,,"UNID",0,0,"PEDIDO",1
"INSTRUMENTAL","CLAMP 200","GRAL","UNID",0,0,"PEDIDO",,,,,"UNID",0,0,"PEDIDO",2
"INSTRUMENTAL","CUBETAS DE ALUMINIO - CRIBADAS","GRAL","UNID",0,0,"PEDIDO",,,,,"UNID",0,0,"PEDIDO",
"INSTRUMENTAL","CUBETAS DE ALUMINIO - LISAS","GRAL","UNID",0,0,"PEDIDO",,,,,"UNID",0,0,"PEDIDO",
"INSTRUMENTAL","CUBETAS PARCIALES METALICAS","GRAL","UNID",0,0,"PEDIDO",,,,,"UNID",0,0,"PEDIDO",10
"INSTRUMENTAL","CUBETAS TOTALES DE PLASTICO  L","GRAL","UNID",0,0,"PEDIDO",,,,,"KIT X 2",0,0,"PEDIDO",2
"INSTRUMENTAL","CUBETAS TOTALES DE PLASTICO  M","GRAL","UNID",0,0,"PEDIDO",,,,,"KIT X 2",0,0,"PEDIDO",2
"INSTRUMENTAL","CUBETAS TOTALES DE PLASTICO  S","GRAL","UNID",0,0,"PEDIDO",,,,,"KIT X 2",0,0,"PEDIDO",1
"INSTRUMENTAL","CURETA DE ALVEOLO","GRAL","UNID",0,0,"PEDIDO",,,,,"UNID",0,0,"PEDIDO",
"INSTRUMENTAL","CURETA DE DENTINA ADULTOS","MYLEFER","UNID",0,0,"PEDIDO",,,,,"UNID",0,0,"PEDIDO",
"INSTRUMENTAL","CURETA DE DENTINA ADULTOS","MYLEFER","UNID",0,0,"PEDIDO",,,,,"UNID",0,0,"PEDIDO",
"INSTRUMENTAL","CURETA DE DENTINA NIÑOS","MYLEFER","UNID",0,0,"PEDIDO",,,,,"UNID",0,0,"PEDIDO",
"INSTRUMENTAL","CURETA DE MOLT","GRAL","UNID",0,0,"PEDIDO",,,,,"UNID",0,0,"PEDIDO",
"INSTRUMENTAL","CURETA DE OCHEVEIN","GRAL","UNID",0,0,"PEDIDO",,,,,"UNID",0,0,"PEDIDO",
"INSTRUMENTAL","CURETA GRACE","ORIGINAL","UNID",0,0,"PEDIDO",,,,,"UNID",0,0,"PEDIDO",
"INSTRUMENTAL","DICALERO","GRAL","UNID",0,0,"PEDIDO",,,,,"UNID",0,0,"PEDIDO",10
"INSTRUMENTAL","DISCO SOFLEX - PULIDO","GRAL","UNID",0,0,"PEDIDO",,,,,"UNID",0,0,"PEDIDO",15
"INSTRUMENTAL","EMPAQUETADOR DE HILO","GRAL","UNID",0,0,"PEDIDO",,,,,"UNID",0,0,"PEDIDO",
"INSTRUMENTAL","ESOBILLA DE PULIDO","GRAL","UNID",0,0,"PEDIDO",,,,,"UNID",0,0,"PEDIDO",
"INSTRUMENTAL","ESPACIADORES","GRAL","UNID",0,0,"PEDIDO",,,,,"UNID",0,0,"PEDIDO",
"INSTRUMENTAL","ESPASIADOR # 20","GRAL","UNID",0,0,"PEDIDO",,,,,"UNID",0,0,"PEDIDO",
"INSTRUMENTAL","ESPASIADOR # 25","GRAL","UNID",0,0,"PEDIDO",,,,,"UNID",0,0,"PEDIDO",
"INSTRUMENTAL","ESPASIADOR # 30","GRAL","UNID",0,0,"PEDIDO",,,,,"UNID",0,0,"PEDIDO",
"INSTRUMENTAL","ESPASIADOR # 35","GRAL","UNID",0,0,"PEDIDO",,,,,"UNID",0,0,"PEDIDO",
"INSTRUMENTAL","ESPASIADOR#15","GRAL","UNID",0,0,"PEDIDO",,,,,"UNID",0,0,"PEDIDO",
"INSTRUMENTAL","ESPATULA DE CEMENTO  DOBLE","GRAL","UNID",0,0,"PEDIDO",,,,,"UNID",0,0,"PEDIDO",3
"INSTRUMENTAL","ESPATULA DE CEMENTO  SIMPLE","GRAL","UNID",0,0,"PEDIDO",,,,,"UNID",0,0,"PEDIDO",4
"INSTRUMENTAL","ESPATULA DE RESINA","AESCULAPIO","UNID",0,0,"PEDIDO",,,,,"UNID",0,0,"PEDIDO",
"INSTRUMENTAL","ESPATULA DE RESINA PUNTA DORADA Ó PLOMA","GRAL","UNID",0,0,"PEDIDO",,,,,"UNID",0,0,"PEDIDO",
"INSTRUMENTAL","ESPEJOS BUCALES","GRAL","UNID",0,0,"PEDIDO",,,,,"CAJA X 12 PZS",6,12,"PEDIDO",8
"INSTRUMENTAL","ESTRACTOR DE CORONAS DE 5 PUNTAS","UNID","UNID",0,0,"PEDIDO",,,,,"UNID",0,0,"PEDIDO"," "
"INSTRUMENTAL","EXPLORADOR","GRAL","UNID",0,0,"PEDIDO",,,,,"UNID",0,0,"PEDIDO",
"INSTRUMENTAL","FRESA CILINDRICA PUNTA PLANA MEDIANA","GRAL","UNID",0,0,"PEDIDO",,,,,"UNID",2,4,"PEDIDO",17
"INSTRUMENTAL","FRESA DE PULIDO DORADA","GRAL","UNID",0,0,"PEDIDO",,,,,"UNID",0,1,"PEDIDO",2
"INSTRUMENTAL","FRESA ENDO Z","GRAL","UNID",0,0,"PEDIDO",,,,,"UNID",0,1,"PEDIDO",4
"INSTRUMENTAL","FRESA FISURA","GRAL","UNID",0,0,"PEDIDO",,,,,"UNID",2,4,"PEDIDO",2
"INSTRUMENTAL","FRESA FLAMA","GRAL","UNID",0,0,"PEDIDO",,,,,"UNID",2,4,"PEDIDO",3
"INSTRUMENTAL","FRESA PARA CIRUGIA","GRAL","UNID",0,0,"PEDIDO",,,,,"KKIT",0,0,"PEDIDO",
"INSTRUMENTAL","FRESA PESSO #1","GRAL","UNID",0,0,"PEDIDO",,,,,"UNID",2,4,"PEDIDO",0
"INSTRUMENTAL","FRESA PESSO #2","GRAL","UNID",0,0,"PEDIDO",,,,,"UNID",2,4,"PEDIDO",5
"INSTRUMENTAL","FRESA PESSO #3","GRAL","UNID",0,0,"PEDIDO",,,,,"UNID",2,4,"PEDIDO",5
"INSTRUMENTAL","FRESA PESSO #4","GRAL","UNID",0,0,"PEDIDO",,,,,"UNID",2,4,"PEDIDO",7
"INSTRUMENTAL","FRESA PUNTA LAPIZ","GRAL","UNID",0,0,"PEDIDO",,,,,"UNID",0,1,"PEDIDO",
"INSTRUMENTAL","FRESA QUIRURGICA","GRAL","UNID",0,0,"PEDIDO",,,,,"UNID",0,1,"PEDIDO",
"INSTRUMENTAL","FRESA REDONDA MEDIANA","GRAL","UNID",0,0,"PEDIDO",,,,,"UNID",0,4,"PEDIDO",7
"INSTRUMENTAL","FRESA TRONCOCONICA PUNTA REDONDA","GRAL","UNID",0,0,"PEDIDO",,,,,"UNID",0,0,"PEDIDO",
"INSTRUMENTAL","FRESERO","GRAL","UNID",0,0,"PEDIDO",,,,,"UNID",0,0,"PEDIDO",
"INSTRUMENTAL","FRESERO PEQUEÑO","GRAL","UNID",0,0,"PEDIDO",,,,,"UNID",0,0,"PEDIDO",
"INSTRUMENTAL","FRESON","GRAL","UNID",0,0,"PEDIDO",,,,,"UNID",0,0,"PEDIDO",1
"INSTRUMENTAL","GATE GLIDEN #2","GRAL","UNID",0,0,"PEDIDO",,,,,"UNID",2,4,"PEDIDO",4
"INSTRUMENTAL","GATE GLIDEN #3","GRAL","UNID",0,0,"PEDIDO",,,,,"UNID",2,4,"PEDIDO",9
"INSTRUMENTAL","GATE GLIDEN #4","GRAL","UNID",0,0,"PEDIDO",,,,,"UNID",2,4,"PEDIDO",9
"INSTRUMENTAL","GATE GLIDEN #5","GRAL","UNID",0,0,"PEDIDO",,,,,"UNID",2,4,"PEDIDO",4
"INSTRUMENTAL","GATE GLIDEN #6","GRAL","UNID",0,0,"PEDIDO",,,,,"UNID",2,4,"PEDIDO",1
"INSTRUMENTAL","GATE PARA PFV","GRAL","UNID",0,0,"PEDIDO",,,,,"UNID",0,1,"PEDIDO",
"INSTRUMENTAL","GOTERO","GRAL","UNID",0,0,"PEDIDO",,,,,"UNID",0,0,"PEDIDO",
"INSTRUMENTAL","GUTAPERCHERO + ATACADOR","GRAL","UNID",0,0,"PEDIDO",,,,,"UNID",0,0,"PEDIDO",10
"INSTRUMENTAL","INSTRUMENTO ADAPTADOR DE ELASTICOS COLOR AZUL","GRAL","UNID",0,0,"PEDIDO",,,,,"UNID",0,0,"PEDIDO",
"INSTRUMENTAL","INSTRUMENTO PINCA COLAGEM","GRAL","UNID",0,0,"PEDIDO",,,,,"UNID",0,0,"PEDIDO",
"INSTRUMENTAL","INSTRUMENTO PORTA MATHIEW QINELATO","GRAL","UNID",0,0,"PEDIDO",,,,,"UNID",0,0,"PEDIDO",
"INSTRUMENTAL","JERINGA DE SILICONA","GRAL","UNID",0,0,"PEDIDO",,,,,"UNID",0,0,"PEDIDO",
"INSTRUMENTAL","JERINGA PARA CALEN","GRAL","UNID",0,0,"PEDIDO",,,,,"UNID",0,0,"PEDIDO",
"INSTRUMENTAL","JERINGA TRIPLE PARA SILLON DE ORTODONCIA","GRAL","UNID",0,0,"PEDIDO",,,,,"UNID",0,0,"PEDIDO",
"INSTRUMENTAL","LINTERNA DE CABEZA","GRAL","UNID",0,0,"PEDIDO",,,,,"UNID",0,0,"PEDIDO",
"INSTRUMENTAL","MECHERO","GRAL","UNID",0,0,"PEDIDO",,,,,"UNID",0,0,"PEDIDO",
"INSTRUMENTAL","PIEDRA PULIDOR","GRAL","UNID",0,0,"PEDIDO",,,,,"UNID",0,0,"PEDIDO",
"INSTRUMENTAL","PIEDRAS ARCANZAS","GRAL","UNID",0,0,"PEDIDO",,,,,"UNID",0,0,"PEDIDO",
"INSTRUMENTAL","PINCEL PARA LABORATORIO","KOLINSKY","UNID",0,0,"PEDIDO",,,,,"UNID",0,0,"PEDIDO",
"INSTRUMENTAL","PINZA CURVA","GRAL","UNID",0,0,"PEDIDO",,,,,"UNID",0,0,"PEDIDO",
"INSTRUMENTAL","PINZA PORTA CAMPO","GRAL","UNID",0,0,"PEDIDO",,,,,"UNID",0,0,"PEDIDO",
"INSTRUMENTAL","PLATINA DE VIDRIO","GRAL","UNID",0,0,"PEDIDO",,,,,"UNID",0,0,"PEDIDO",
"INSTRUMENTAL","PORTA BANDA MATRIZ","GRAL","UNID",0,0,"PEDIDO",,,,,"UNID",0,0,"PEDIDO",2
"INSTRUMENTAL","PORTA BRACKETS","GRAL","UNID",0,0,"PEDIDO",,,,,"UNID",0,0,"PEDIDO",
"INSTRUMENTAL","PORTA DONAS","GRAL","UNID",0,0,"PEDIDO",,,,,"UNID",0,0,"PEDIDO",
"INSTRUMENTAL","PORTA ELASTICO","GRAL","UNID",0,0,"PEDIDO",,,,,"UNID",0,0,"PEDIDO",
"INSTRUMENTAL","PORTACLAMS","GRAL","UNID",0,0,"PEDIDO",,,,,"UNID",0,0,"PEDIDO",
"INSTRUMENTAL","PORTAFRESAS MINIREDONDO","GRAL","UNID",0,0,"PEDIDO",,,,,"UNID",0,0,"PEDIDO",
"INSTRUMENTAL","POSICIONADOR DE BRAQUETES","GRAL","UNID",0,0,"PEDIDO",,,,,"UNID",0,0,"PEDIDO",3
"INSTRUMENTAL","RECIPIENTE METALICO","GRAL","UNID",0,0,"PEDIDO",,,,,"UNID",0,0,"PEDIDO",
"INSTRUMENTAL","REGLA MILIMETRADA","GRAL","UNID",0,0,"PEDIDO",,,,,"UNID",0,0,"PEDIDO",
"INSTRUMENTAL","REPUESTO DE PIEZA DE MANO NACIONAL","GRAL","UNID",0,0,"PEDIDO",,,,,"PACK X 2",0,0,"PEDIDO",
"INSTRUMENTAL","SEPARADOR DE MINENZOTA","GRAL","UNID",0,0,"PEDIDO",,,,,"UNID",0,0,"PEDIDO",
"INSTRUMENTAL","TIJERA  PUNTA RECTA ","GRAL","UNID",0,0,"PEDIDO",,,,,"UNID",0,0,"PEDIDO",
"INSTRUMENTAL","TIJERA DE ENCIA","GRAL","UNID",0,0,"PEDIDO",,,,,"UNID",0,0,"PEDIDO",
"INSTRUMENTAL","TIRA NERVIOS ( SOLO NIÑOS ODONTOPEDIATRIA)","GRAL","UNID",0,0,"PEDIDO",,,,,"UNID",0,0,"PEDIDO",
"INSTRUMENTAL","TORRE PARA ARCOS","GRAL","UNID",0,0,"PEDIDO",,,,,"UNID",0,0,"PEDIDO",
"INSTRUMENTO","ASTROBRUSH PARA PULIDO (DORADO) VASO LARGO","GRAL","UNID",0,0,"90 DIAS",,,,,"UNID",1,1,"BIMESTRAL",2
"INSTRUMENTO","CEPILLOS INTERPROXIMALES","TDV","UNID",0,0,"PEDIDO",,,,,"CAJA X 12 UNIDADES",,,,
"LABORATORIO","CASTORIT SUPER C LIQUIDO","DENTAURUM",,,,,"FRASCO X 3.5 ML",0,1,"MENSUAL","FRASCO X 3.5 ML",1,2,,
"LABORATORIO","CASTORIT SUPER C POLVO","DENTAURUM",,,,,"BOLSA X 150 GR",0,1,"MENSUAL","BOLSA X 150 GR",1,2,,4
"LABORATORIO","CERA CERVICAL ROJO","YETY",,,,,"POMO X 10 GR",0,0,"06 MESES","POMO X 10 GR",0,0,,
"LABORATORIO","CERA PARA MODELAR C/ PLOMO","GEO CLASSIC",,,,,"POMO X 70 GR",0,0,"06 MESES","POMO  X 70 GR",0,0,,
"LABORATORIO","CIANOTRILATO","GRAL",,,,,,,,,"UNID",,,,
"LABORATORIO","CIANOTRILATO (TRIZ)","GRAL",,,,,"UNID",0,0,"01 MES","UNID",0,1,,
"LABORATORIO","KIT DE MAQUILLAJE Y GLASEADO IVOCOLOR  ","IVOCLAR VIVIADENT",,,,,,,,,"KIT 14 TUBOS DE COLOR, 02 PALETAS DE MODELO DE COLOR",,,,
"LABORATORIO","KIT GENERAL PARA PORCELANA","GRAL",,,,,,,,,"KIT",,,,
"LABORATORIO","KIT MONOLITHIC SOLITIONS 16 PIEZAS E MAX","IVOCLAR VIVIADENT",,,,,,,,,"KIT 16 PIEZAS",,,,
"LABORATORIO","METAL","WIRONIA",,,,,,,,,"PAQ X 1 KLG  X 159 UNID",,,,81
"LABORATORIO","OXIDO DE ALUMINIO 110 MICRAS     ZETA BAND","ZHERMACK",,,,,,,,,"BOLSA X 1 KLG",,,,2
"LABORATORIO","PASTILLA IMAX  HO0","IVOCLAR VIVIADENT",,,,,,,,,"TUBO  X 5 UNID",,,,
"LABORATORIO","PASTILLA IMAX  HTA1","IVOCLAR VIVIADENT",,,,,,,,,"TUBO  X 5 UNID",,,,
"LABORATORIO","PASTILLA IMAX  LTA1","IVOCLAR VIVIADENT",,,,,,,,,"TUBO  X 5 UNID",,,,
"LABORATORIO","PASTILLA IMAX  LTBL1","IVOCLAR VIVIADENT",,,,,,,,,"TUBO  X 5 UNID",,,,
"LABORATORIO","PASTILLA IMAX  MTA1","IVOCLAR VIVIADENT",,,,,,,,,"TUBO  X 5 UNID",,,,
"LABORATORIO","PERLA DE VIDRIO 90 MICRAS     ZETA BAND","ZHERMACK",,,,,,,,,"BOLSA X 1 KLG",,,,
"LABORATORIO","REMA","DENTAURUM",,,,,,,,,"UNID X 400 GR",,,,
"LABORATORIO","REVESTIMIENTO","IVOCLAR VIVIADENT",,,,,,,,,"BOLSA X 100 GR",,,,
"ORTODONCIA","ALAMBRE # 20","MORELLI",,,,,,,,,"ROLLO 35MM",,,,
"ORTODONCIA","ALAMBRE # 9","GRAL",,,,,,,,,"UNID",,,,
"ORTODONCIA","ALAMBRE #18","MORELLI",,,,,,,,,"ROLLO 35MM",,,,
"ORTODONCIA","ALAMBRE 014","MORELLI",,,,,,,,,"ROLLO 35MM",,,,
"ORTODONCIA","ALAMBRE 016","MORELLI",,,,,,,,,"ROLLO 40MM",,,,
"ORTODONCIA","ALAMBRE 018","MORELLI",,,,,,,,,"ROLLO 45MM",,,,
"ORTODONCIA","ALAMBRE DE LIGADURA 010","MORELLI",,,,,,,,,"ROLLO 25MM",,,,
"ORTODONCIA","ALAMBRE DE LIGADURA 012","MORELLI",,,,,,,,,"ROLLO 30MM",,,,
"ORTODONCIA","ALAMBRE DE LIGADURA 08","MORELLI",,,,,,,,,"ROLLO 25MM",,,,
"ORTODONCIA","ALAMBRE DE LIGADURA 20","MORELLI",,,,,,,,,"ROLLO 25MM",,,,
"ORTODONCIA","ALAMBRE DE RESORTE ABIERTO ","MORELLI",,,,,,,,,"ROLLO",,,,
"ORTODONCIA","ALAMBRE DE RESORTE CERRADO","MORELLI",,,,,,,,,"ROLLO",,,,
"ORTODONCIA","ALAMBRE TWFLEX","MORELLI",,,,,,,,,"VARILLA X 10 UNIDADES",,,,
"ORTODONCIA","ALAMBRE VARILLA 16X22","MORELLI",,,,,,,,,"VARILLA X 10 UNIDADES",,,,
"ORTODONCIA","ALAMBRE VARILLA 17X25","MORELLI",,,,,,,,,"VARILLA X 10 UNIDADES",,,,
"ORTODONCIA","ALAMBRE VARILLA 19X25","MORELLI",,,,,,,,,"VARILLA X 10 UNIDADES",,,,
"ORTODONCIA","ARCO  CURVA REVERSA INFERIOR #12","MORELLI",,,,,,,,,"PAQUETE X 10 UNID",,,,11
"ORTODONCIA","ARCO  CURVA REVERSA INFERIOR #14","MORELLI",,,,,,,,,"PAQUETE X 10 UNID",,,,6
"ORTODONCIA","ARCO  CURVA REVERSA INFERIOR #16","MORELLI",,,,,,,,,"PAQUETE X 10 UNID",,,,5
"ORTODONCIA","ARCO  CURVA REVERSA INFERIOR #18","MORELLI",,,,,,,,,"PAQUETE X 10 UNID",,,,6
"ORTODONCIA","ARCO  CURVA REVERSA SUPERIOR #12","MORELLI",,,,,,,,,"PAQUETE X 10 UNID",,,,0
"ORTODONCIA","ARCO  CURVA REVERSA SUPERIOR #14","MORELLI",,,,,,,,,"PAQUETE X 10 UNID",,,,11
"ORTODONCIA","ARCO  CURVA REVERSA SUPERIOR #16","MORELLI",,,,,,,,,"PAQUETE X 10 UNID",,,,8
"ORTODONCIA","ARCO  CURVA REVERSA SUPERIOR #18","MORELLI",,,,,,,,,"PAQUETE X 10 UNID",,,,6
"ORTODONCIA","ARCO ACERO INFERIOR # 19X25","GRAL",,,,,,,,,"PAQUETE X 10 UNID",,,,30
"ORTODONCIA","ARCO ACERO INFERIOR #16X16","GRAL",,,,,,,,,"PAQUETE X 10 UNID",,,,32
"ORTODONCIA","ARCO ACERO INFERIOR #16X22","GRAL",,,,,,,,,"PAQUETE X 10 UNID",,,,23
"ORTODONCIA","ARCO ACERO INFERIOR #17X25","GRAL",,,,,,,,,"PAQUETE X 10 UNID",,,,32
"ORTODONCIA","ARCO ACERO SUPERIOR # 16X16","GRAL",,,,,,,,,"PAQUETE X 10 UNID",,,,32
"ORTODONCIA","ARCO ACERO SUPERIOR # 16X22","GRAL",,,,,,,,,"PAQUETE X 10 UNID",,,,2
"ORTODONCIA","ARCO ACERO SUPERIOR # 17X25","GRAL",,,,,,,,,"PAQUETE X 10 UNID",,,,31
"ORTODONCIA","ARCO ACERO SUPERIOR # 19X25","GRAL",,,,,,,,,"PAQUETE X 10 UNID",,,,32
"ORTODONCIA","ARCO NITI ESTETICO INFERIOR # 14","MORELLI",,,,,,,,,"PAQUETE X 10 UNID",,,,
"ORTODONCIA","ARCO NITI ESTETICO INFERIOR # 16","MORELLI",,,,,,,,,"PAQUETE X 10 UNID",,,,
"ORTODONCIA","ARCO NITI ESTETICO INFERIOR # 19X25","MORELLI",,,,,,,,,"PAQUETE X 10 UNID",,,,
"ORTODONCIA","ARCO NITI ESTETICO INFERIOR #16X16","MORELLI",,,,,,,,,"PAQUETE X 10 UNID",,,,
"ORTODONCIA","ARCO NITI ESTETICO INFERIOR #16X22","MORELLI",,,,,,,,,"PAQUETE X 10 UNID",,,,
"ORTODONCIA","ARCO NITI ESTETICO INFERIOR #18","MORELLI",,,,,,,,,"PAQUETE X 10 UNID",,,,
"ORTODONCIA","ARCO NITI ESTETICO INFERIOR #18X25","MORELLI",,,,,,,,,"PAQUETE X 10 UNID",,,,
"ORTODONCIA","ARCO NITI ESTETICO INFERIOR #20","MORELLI",,,,,,,,,"PAQUETE X 10 UNID",,,,
"ORTODONCIA","ARCO NITI ESTETICO SUPERIOR # 16X16","MORELLI",,,,,,,,,"PAQUETE X 10 UNID",,,,
"ORTODONCIA","ARCO NITI ESTETICO SUPERIOR # 16X22","MORELLI",,,,,,,,,"PAQUETE X 10 UNID",,,,
"ORTODONCIA","ARCO NITI ESTETICO SUPERIOR #12","MORELLI",,,,,,,,,"PAQUETE X 10 UNID",,,,
"ORTODONCIA","ARCO NITI ESTETICO SUPERIOR #14","MORELLI",,,,,,,,,"PAQUETE X 10 UNID",,,,
"ORTODONCIA","ARCO NITI ESTETICO SUPERIOR #16","MORELLI",,,,,,,,,"PAQUETE X 10 UNID",,,,
"ORTODONCIA","ARCO NITI ESTETICO SUPERIOR #18","MORELLI",,,,,,,,,"PAQUETE X 10 UNID",,,,
"ORTODONCIA","ARCO NITI ESTETICO SUPERIOR #18X25","MORELLI",,,,,,,,,"PAQUETE X 10 UNID",,,,
"ORTODONCIA","ARCO NITI ESTETICO SUPERIOR #19X25","MORELLI",,,,,,,,,"PAQUETE X 10 UNID",,,,
"ORTODONCIA","ARCO NITI ESTETICO SUPERIOR #20","MORELLI",,,,,,,,,"PAQUETE X 10 UNID",,,,
"ORTODONCIA","ARCO NITI INFERIOR # 12","MORELLI",,,,,,,,,"PAQUETE X 10 UNID",,,,36
"ORTODONCIA","ARCO NITI INFERIOR # 14","GRAL",,,,,,,,,"PAQUETE X 10 UNID",,,,22
"ORTODONCIA","ARCO NITI INFERIOR # 16","MORELLI",,,,,,,,,"PAQUETE X 10 UNID",,,,16
"ORTODONCIA","ARCO NITI INFERIOR # 16X16","MORELLI",,,,,,,,,"PAQUETE X 10 UNID",,,,30
"ORTODONCIA","ARCO NITI INFERIOR # 16X22","MORELLI",,,,,,,,,"PAQUETE X 10 UNID",,,,29
"ORTODONCIA","ARCO NITI INFERIOR # 17X25","MORELLI",,,,,,,,,"PAQUETE X 10 UNID",,,,37
"ORTODONCIA","ARCO NITI INFERIOR # 18","MORELLI",,,,,,,,,"PAQUETE X 10 UNID",,,,14
"ORTODONCIA","ARCO NITI INFERIOR # 18X25","MORELLI",,,,,,,,,"PAQUETE X 10 UNID",,,,30
"ORTODONCIA","ARCO NITI INFERIOR # 19X25","MORELLI",,,,,,,,,"PAQUETE X 10 UNID",,,,44
"ORTODONCIA","ARCO NITI INFERIOR # 20","MORELLI",,,,,,,,,"PAQUETE X 10 UNID",,,,32
"ORTODONCIA","ARCO NITI SUPERIOR # 12","GRAL",,,,,,,,,"PAQUETE X 10 UNID",,,,18
"ORTODONCIA","ARCO NITI SUPERIOR # 14","GRAL",,,,,,,,,"PAQUETE X 10 UNID",,,,26
"ORTODONCIA","ARCO NITI SUPERIOR # 16","GRAL",,,,,,,,,"PAQUETE X 10 UNID",,,,24
"ORTODONCIA","ARCO NITI SUPERIOR # 16X16","GRAL",,,,,,,,,"PAQUETE X 10 UNID",,,,0
"ORTODONCIA","ARCO NITI SUPERIOR # 16X22","GRAL",,,,,,,,,"PAQUETE X 10 UNID",,,,24
"ORTODONCIA","ARCO NITI SUPERIOR # 17X25","GRAL",,,,,,,,,"PAQUETE X 10 UNID",,,,30
"ORTODONCIA","ARCO NITI SUPERIOR # 18","GRAL",,,,,,,,,"PAQUETE X 10 UNID",,,,16
"ORTODONCIA","ARCO NITI SUPERIOR # 18X25","GRAL",,,,,,,,,"PAQUETE X 10 UNID",,,,39
"ORTODONCIA","ARCO NITI SUPERIOR # 19X25","GRAL",,,,,,,,,"PAQUETE X 10 UNID",,,,40
"ORTODONCIA","ARCO NITI SUPERIOR # 20","GRAL",,,,,,,,,"PAQUETE X 10 UNID",,,,24
"ORTODONCIA","ARCO THERMO # 12 ","MORELLI",,,,,,,,,"PAQUETE X 10 UNID",,,,22
"ORTODONCIA","ARCO THERMO # 14","MORELLI",,,,,,,,,"PAQUETE X 10 UNID",,,,20
"ORTODONCIA","ARCO THERMO # 16","MORELLI",,,,,,,,,"PAQUETE X 10 UNID",,,,20
"ORTODONCIA","ARCO THERMO # 18","MORELLI",,,,,,,,,"PAQUETE X 10 UNID",,,,24
"ORTODONCIA","ARCO THERMO # 20","MORELLI",,,,,,,,,"PAQUETE X 10 UNID",,,,7
"ORTODONCIA","BANDA #28","GRAL",,,,,,,,,"UNID",,,,10
"ORTODONCIA","BANDA #29","GRAL",,,,,,,,,"UNID",,,,1
"ORTODONCIA","BANDA #29.5","GRAL",,,,,,,,,"UNID",,,,1
"ORTODONCIA","BANDA #30","GRAL",,,,,,,,,"UNID",,,,16
"ORTODONCIA","BANDA #30.5","GRAL",,,,,,,,,"UNID",,,,16
"ORTODONCIA","BANDA #32.5","GRAL",,,,,,,,,"UNID",,,,18
"ORTODONCIA","BANDA #33","GRAL",,,,,,,,,"UNID",,,,13
"ORTODONCIA","BANDA #33.5","GRAL",,,,,,,,,"UNID",,,,23
"ORTODONCIA","BANDA #34","GRAL",,,,,,,,,"UNID",,,,22
"ORTODONCIA","BANDA #34.5","GRAL",,,,,,,,,"UNID",,,,19
"ORTODONCIA","BANDA #35","GRAL",,,,,,,,,"UNID",,,,16
"ORTODONCIA","BANDA #35.5","GRAL",,,,,,,,,"UNID",,,,25
"ORTODONCIA","BANDA #36","GRAL",,,,,,,,,"UNID",,,,21
"ORTODONCIA","BANDA #36.5","GRAL",,,,,,,,,"UNID",,,,27
"ORTODONCIA","BANDA #37","GRAL",,,,,,,,,"UNID",,,,21
"ORTODONCIA","BANDA #37.5","GRAL",,,,,,,,,"UNID",,,,20
"ORTODONCIA","BANDA #38","GRAL",,,,,,,,,"UNID",,,,22
"ORTODONCIA","BANDA #38.5","GRAL",,,,,,,,,"UNID",,,,20
"ORTODONCIA","BANDA #39","GRAL",,,,,,,,,"UNID",,,,24
"ORTODONCIA","BANDA #39.5","GRAL",,,,,,,,,"UNID",,,,19
"ORTODONCIA","BANDA #40","GRAL",,,,,,,,,"UNID",,,,17
"ORTODONCIA","BANDA #40.5","GRAL",,,,,,,,,"UNID",,,,38
"ORTODONCIA","BANDA #41","GRAL",,,,,,,,,"UNID",,,,17
"ORTODONCIA","BANDA #41.5","GRAL",,,,,,,,,"UNID",,,,23
"ORTODONCIA","BANDA #42","GRAL",,,,,,,,,"UNID",,,,21
"ORTODONCIA","BASTONES DONAS/ ELASITIC DE COLORES ","GRAL",,,,,,,,,"PQT X 10 UND",,,,
"ORTODONCIA","BENGALAS ( DONAS O ELASTICOS) CON DISEÑO MIKEY Y HELLO KITY","GRAL",,,,,,,,,"UNID",,,,
"ORTODONCIA","BENGALAS COLOR AMARELO","GRAL",,,,,,,,,"PAQ X 1000 UNID",,,,
"ORTODONCIA","BENGALAS COLOR AZUL","GRAL",,,,,,,,,"PAQ X 1000 UNID",,,,
"ORTODONCIA","BENGALAS COLOR AZUL BEBE","GRAL",,,,,,,,,"PAQ X 1000 UNID",,,,
"ORTODONCIA","BENGALAS COLOR AZUL CRISTAL","GRAL",,,,,,,,,"PAQ X 1000 UNID",,,,
"ORTODONCIA","BENGALAS COLOR AZUL MARINO","GRAL",,,,,,,,,"PAQ X 1000 UNID",,,,
"ORTODONCIA","BENGALAS COLOR BRANCO RENDA","GRAL",,,,,,,,,"PAQ X 1000 UNID",,,,
"ORTODONCIA","BENGALAS COLOR CINZA","GRAL",,,,,,,,,"PAQ X 1000 UNID",,,,
"ORTODONCIA","BENGALAS COLOR CRISTAL","GRAL",,,,,,,,,"PAQ X 1000 UNID",,,,
"ORTODONCIA","BENGALAS COLOR LARANJA CRISTAL","GRAL",,,,,,,,,"PAQ X 1000 UNID",,,,
"ORTODONCIA","BENGALAS COLOR LILA","GRAL",,,,,,,,,"PAQ X 1000 UNID",,,,
"ORTODONCIA","BENGALAS COLOR MARFIM","GRAL",,,,,,,,,"PAQ X 1000 UNID",,,,
"ORTODONCIA","BENGALAS COLOR PRETO","GRAL",,,,,,,,,"PAQ X 1000 UNID",,,,
"ORTODONCIA","BENGALAS COLOR ROSA","GRAL",,,,,,,,,"PAQ X 1000 UNID",,,,
"ORTODONCIA","BENGALAS COLOR ROSA BEBE","GRAL",,,,,,,,,"PAQ X 1000 UNID",,,,
"ORTODONCIA","BENGALAS COLOR ROSA PEROLA","GRAL",,,,,,,,,"PAQ X 1000 UNID",,,,
"ORTODONCIA","BENGALAS COLOR ROXO","GRAL",,,,,,,,,"PAQ X 1000 UNID",,,,
"ORTODONCIA","BENGALAS COLOR VERDE CRISTAL","GRAL",,,,,,,,,"PAQ X 1000 UNID",,,,
"ORTODONCIA","BENGALAS COLOR VERDE MAR","GRAL",,,,,,,,,"PAQ X 1000 UNID",,,,
"ORTODONCIA","BENGALAS COLOR VERDE MUSGO","GRAL",,,,,,,,,"PAQ X 1000 UNID",,,,
"ORTODONCIA","BENGALAS COLOR VERDE PÉROLA","GRAL",,,,,,,,,"PAQ X 1000 UNID",,,,
"ORTODONCIA","BENGALAS COLOR VERMELHO","GRAL",,,,,,,,,"PAQ X 1000 UNID",,,,
"ORTODONCIA","BENGALAS COLOR VERMELHO CRISTAL","GRAL",,,,,,,,,"PAQ X 1000 UNID",,,,
"ORTODONCIA","BOTONES  / SOLDAR ","MORELLI",,,,,,,,,"PAQUETE X 10 UND",,,,15
"ORTODONCIA","BOTONES / PEGAR","GRAL",,,,,,,,,"PAQUETE X 10 UND",,,,20
"ORTODONCIA","BRACKESTS EDWICE","GRAL",,,,,,,,,"UNID",,,,
"ORTODONCIA","BRACKESTS MONOBLOK","GRAL",,,,,,,,,"KIT",,,,
"ORTODONCIA","BRACKET ROTH # 12","GRAL",,,,,,,,,"KIT X 20 UNID",,,,
"ORTODONCIA","BRACKET ROTH # 21","GRAL",,,,,,,,,"KIT X 20 UNID",,,,
"ORTODONCIA","BRACKET ROTH # 25","GRAL",,,,,,,,,"KIT X 20 UNID",,,,
"ORTODONCIA","BRACKET ROTH # 31","GRAL",,,,,,,,,"KIT X 20 UNID",,,,
"ORTODONCIA","BRACKET ROTH # 35","GRAL",,,,,,,,,"KIT X 20 UNID",,,,
"ORTODONCIA","BRACKET ROTH # 43","GRAL",,,,,,,,,"KIT X 20 UNID",,,,
"ORTODONCIA","BRACKETS ESTETICOS REPOSICION DE BRACKETS Nº 11","MORELLI",,,,,,,,,"UNID",,,,
"ORTODONCIA","BRACKETS ESTETICOS REPOSICION DE BRACKETS Nº 12","MORELLI",,,,,,,,,"UNID",,,,
"ORTODONCIA","BRACKETS ESTETICOS REPOSICION DE BRACKETS Nº 13","MORELLI",,,,,,,,,"UNID",,,,
"ORTODONCIA","BRACKETS ESTETICOS REPOSICION DE BRACKETS Nº 14","MORELLI",,,,,,,,,"UNID",,,,
"ORTODONCIA","BRACKETS ESTETICOS REPOSICION DE BRACKETS Nº 15","MORELLI",,,,,,,,,"UNID",,,,
"ORTODONCIA","BRACKETS ESTETICOS REPOSICION DE BRACKETS Nº 21","MORELLI",,,,,,,,,"UNID",,,,
"ORTODONCIA","BRACKETS ESTETICOS REPOSICION DE BRACKETS Nº 22","MORELLI",,,,,,,,,"UNID",,,,
"ORTODONCIA","BRACKETS ESTETICOS REPOSICION DE BRACKETS Nº 23","MORELLI",,,,,,,,,"UNID",,,,
"ORTODONCIA","BRACKETS ESTETICOS REPOSICION DE BRACKETS Nº 24","MORELLI",,,,,,,,,"UNID",,,,
"ORTODONCIA","BRACKETS ESTETICOS REPOSICION DE BRACKETS Nº 25","MORELLI",,,,,,,,,"UNID",,,,
"ORTODONCIA","BRACKETS ESTETICOS REPOSICION DE BRACKETS Nº 31","MORELLI",,,,,,,,,"UNID",,,,
"ORTODONCIA","BRACKETS ESTETICOS REPOSICION DE BRACKETS Nº 32","MORELLI",,,,,,,,,"UNID",,,,
"ORTODONCIA","BRACKETS ESTETICOS REPOSICION DE BRACKETS Nº 33","MORELLI",,,,,,,,,"UNID",,,,
"ORTODONCIA","BRACKETS ESTETICOS REPOSICION DE BRACKETS Nº 34","MORELLI",,,,,,,,,"UNID",,,,
"ORTODONCIA","BRACKETS ESTETICOS REPOSICION DE BRACKETS Nº 35","MORELLI",,,,,,,,,"UNID",,,,
"ORTODONCIA","BRACKETS ESTETICOS REPOSICION DE BRACKETS Nº 41","MORELLI",,,,,,,,,"UNID",,,,
"ORTODONCIA","BRACKETS ESTETICOS REPOSICION DE BRACKETS Nº 42","MORELLI",,,,,,,,,"UNID",,,,
"ORTODONCIA","BRACKETS ESTETICOS REPOSICION DE BRACKETS Nº 43","MORELLI",,,,,,,,,"UNID",,,,
"ORTODONCIA","BRACKETS ESTETICOS REPOSICION DE BRACKETS Nº 44","MORELLI",,,,,,,,,"UNID",,,,
"ORTODONCIA","BRACKETS ESTETICOS REPOSICION DE BRACKETS Nº 45","MORELLI",,,,,,,,,"UNID",,,,
"ORTODONCIA","BRACKETS ESTETICOS ROTH","MORELLI",,,,,,,,,"JUEGOS",,,,
"ORTODONCIA","BRACKETS METALICOS REPOSICION DE BRACKETS Nº 11","MORELLI",,,,,,,,,"UNID",,,,10
"ORTODONCIA","BRACKETS METALICOS REPOSICION DE BRACKETS Nº 12","MORELLI",,,,,,,,,"UNID",,,,4
"ORTODONCIA","BRACKETS METALICOS REPOSICION DE BRACKETS Nº 13","MORELLI",,,,,,,,,"UNID",,,,5
"ORTODONCIA","BRACKETS METALICOS REPOSICION DE BRACKETS Nº 14","MORELLI",,,,,,,,,"UNID",,,,26
"ORTODONCIA","BRACKETS METALICOS REPOSICION DE BRACKETS Nº 15","MORELLI",,,,,,,,,"UNID",,,,15
"ORTODONCIA","BRACKETS METALICOS REPOSICION DE BRACKETS Nº 21","MORELLI",,,,,,,,,"UNID",,,,0
"ORTODONCIA","BRACKETS METALICOS REPOSICION DE BRACKETS Nº 22","MORELLI",,,,,,,,,"UNID",,,,4
"ORTODONCIA","BRACKETS METALICOS REPOSICION DE BRACKETS Nº 23","MORELLI",,,,,,,,,"UNID",,,,9
"ORTODONCIA","BRACKETS METALICOS REPOSICION DE BRACKETS Nº 24","MORELLI",,,,,,,,,"UNID",,,,22
"ORTODONCIA","BRACKETS METALICOS REPOSICION DE BRACKETS Nº 25","MORELLI",,,,,,,,,"UNID",,,,8
"ORTODONCIA","BRACKETS METALICOS REPOSICION DE BRACKETS Nº 31","MORELLI",,,,,,,,,"UNID",,,,9
"ORTODONCIA","BRACKETS METALICOS REPOSICION DE BRACKETS Nº 32","MORELLI",,,,,,,,,"UNID",,,,15
"ORTODONCIA","BRACKETS METALICOS REPOSICION DE BRACKETS Nº 33","MORELLI",,,,,,,,,"UNID",,,,19
"ORTODONCIA","BRACKETS METALICOS REPOSICION DE BRACKETS Nº 34","MORELLI",,,,,,,,,"UNID",,,,23
"ORTODONCIA","BRACKETS METALICOS REPOSICION DE BRACKETS Nº 35","MORELLI",,,,,,,,,"BLS",,,,16
"ORTODONCIA","BRACKETS METALICOS REPOSICION DE BRACKETS Nº 41","MORELLI",,,,,,,,,"UNID",,,,18
"ORTODONCIA","BRACKETS METALICOS REPOSICION DE BRACKETS Nº 42","MORELLI",,,,,,,,,"UNID",,,,20
"ORTODONCIA","BRACKETS METALICOS REPOSICION DE BRACKETS Nº 43","MORELLI",,,,,,,,,"UNID",,,,12
"ORTODONCIA","BRACKETS METALICOS REPOSICION DE BRACKETS Nº 44","MORELLI",,,,,,,,,"UNID",,,,18
"ORTODONCIA","BRACKETS METALICOS REPOSICION DE BRACKETS Nº 45","MORELLI",,,,,,,,,"UNID",,,,22
"ORTODONCIA","BRACKETS METALICOS ROTH","GRAL",,,,,,,,,"KIT X 20 UNID",,,,
"ORTODONCIA","BRAQUETS ","GRAL",,,,,,,,,"KIT",,,,
"ORTODONCIA","BRAQUETS AUTOLIGADO","GRAL",,,,,,,,,"UNID",,,,
"ORTODONCIA","BRAQUETS CAPELOZA","GRAL",,,,,,,,,"UNID",,,,
"ORTODONCIA","CADENA DE PODER (CORTO)","MORELLI",,,,,,,,,"ROLLO 4.50 M",,,,
"ORTODONCIA","CADENA DE PODER (INTERMEDIO)","MORELLI",,,,,,,,,"ROLLO 4.50 M",,,,
"ORTODONCIA","CADENA DE PODER (LARGO)","MORELLI",,,,,,,,,"UNID",,,,
"ORTODONCIA","CAJA LINGUAL","GRAL",,,,,,,,,"UNID",,,,13
"ORTODONCIA","ELASTICOS (LIGAS) 1/4 MARCA MORELLI (MEDIO)","MORELLI",,,,,,,,,"PQT X 1000 UND",,,,
"ORTODONCIA","ELASTICOS (LIGAS) 1/8 MARCA MORELLI  (MEDIO)","MORELLI",,,,,,,,,"PQT X 1000 UND",,,,
"ORTODONCIA","ELASTICOS LIGAS 1/2 MARCA MORELLI (MEDIO)","MORELLI",,,,,,,,,"PQT X 1000 UND",,,,
"ORTODONCIA","ELASTICOS LIGAS 3/16 MARCA MORELLI  (MEDIO)","MORELLI",,,,,,,,,"PQT X 1000 UND",,,,
"ORTODONCIA","EXPANSOR HYRAX (TORNILLO PALATINA DE 9MM)","GRAL",,,,,,,,,"UNID",,,,
"ORTODONCIA","GANCHOS BOLA","MORELLI",,,,,,,,,"UNID",,,,
"ORTODONCIA","MASCARA FACIAL PETIT","GRAL",,,,,,,,,"UNID",,,,
"ORTODONCIA","MASCARA MCNAMARA","GRAL",,,,,,,,,"UNID",,,,
"ORTODONCIA","REPOSICION DE BRACKETS- EDWAICE","MORELLI",,,,,,,,,"UNID",,,,
"ORTODONCIA","RESORTE NITI ABIERTO","GRAL",,,,,,,,,"UNID",,,,
"ORTODONCIA","ROLLO DE ACERO N°14","GRAL",,,,,,,,,"UNID",,,,
"ORTODONCIA","ROLLO DE ACERO N°18","GRAL",,,,,,,,,"UNID",,,,
"ORTODONCIA","ROLLO DE LIGADURA N°10","GRAL",,,,,,,,,"UNID",,,,
"ORTODONCIA","ROLLO DE LIGADURA N°12","GRAL",,,,,,,,,"UNID",,,,
"ORTODONCIA","SEPARADORES","MORELLI",,,,,,,,,"PQT X 1000 UND",,,,
"ORTODONCIA","TUBO CONVERTIBLE INFERIOR DERECHO/SOLDAR","GRAL",,,,,,,,,"UNID",,,,23
"ORTODONCIA","TUBO CONVERTIBLE INFERIOR IZQUIERDO/SOLDAR","GRAL",,,,,,,,,"UNID",,,,25
"ORTODONCIA","TUBO CONVERTIBLE SUPERIOR DERECHO/ SOLDAR","GRAL",,,,,,,,,"UNID",,,,29
"ORTODONCIA","TUBO CONVERTIBLE SUPERIOR IZQUIERDO/SOLDAR","GRAL",,,,,,,,,"UNID",,,,11
"ORTODONCIA","TUBO SIMPLE INFERIOR DERECHO / SOLDAR","GRAL",,,,,,,,,"UNID",,,,
"ORTODONCIA","TUBO SIMPLE INFERIOR IZQUIERDO / PEGAR","GRAL",,,,,,,,,"UNID",,,,
"ORTODONCIA","TUBO SIMPLE INFERIOR IZQUIERDO / SOLDAR","GRAL",,,,,,,,,"UNID",,,,
"ORTODONCIA","TUBO SIMPLE SUPERIOR DERECHO / SOLDAR","GRAL",,,,,,,,,"UNID",,,,
"ORTODONCIA","TUBO SIMPLE SUPERIOR IZQUIERDO / SOLDAR","GRAL",,,,,,,,,"UNID",,,,
"ORTODONCIA","TUBOS BOTONES / PEGAR","GRAL",,,,,,,,,"CJA X 10 UND",,,,
"ORTODONCIA","TUBOS DOBLES  ROTH  IZQUIERDO INF / SOLDAR","MORELLI",,,,,,,,,"CJA X 10UND",,,,10
"ORTODONCIA","TUBOS DOBLES  ROTH DERECHO  INF/SOLDAR","MORELLI",,,,,,,,,"CJA X 10UND",,,,10
"ORTODONCIA","TUBOS DOBLES  ROTH IZQUIERDO SUP /SOLDAR","MORELLI",,,,,,,,,"CJA X 10UND",,,,10
"ORTODONCIA","TUBOS DOBLES ROTH DERECHO  INF / PEGAR","MORELLI",,,,,,,,,"CJA X 10 UND",,,,13
"ORTODONCIA","TUBOS DOBLES ROTH DERECHO  SUP / PEGAR","MORELLI",,,,,,,,,"CJA X 10 UND",,,,12
"ORTODONCIA","TUBOS DOBLES ROTH DERECHO  SUP / SOLDAR","MORELLI",,,,,,,,,"CJA X 10UND",,,,29
"ORTODONCIA","TUBOS DOBLES ROTH IZQUIERDO INF / PEGAR","MORELLI",,,,,,,,,"CJA X 10 UND",,,,13
"ORTODONCIA","TUBOS DOBLES ROTH IZQUIERDO SUP / PEGAR","MORELLI",,,,,,,,,"CJA X 10 UND",,,,10
"ORTODONCIA","TUBO CONVERTIBLE INFERIOR DERECHO/PEGAR","GRAL",,,,,,,,,"UNID",,,,3
"ORTODONCIA","TUBO CONVERTIBLE INFERIOR IZQUIERDO/PEGAR","GRAL",,,,,,,,,"UNID",,,,21
"ORTODONCIA","TUBO CONVERTIBLE SUPERIOR DERECHO/PEGAR","GRAL",,,,,,,,,"UNID",,,,8
"ORTODONCIA","TUBO CONVERTIBLE SUPERIOR IZQUIERDO/PEGAR","GRAL",,,,,,,,,"UNID",,,,3
,,,,,,,,,,,,,,,
"ORTODONCIA","TUBOS ROTH DERECHO INF / PEGAR","MORELLI",,,,,,,,,"CJA X 10 UND",,,,11
"ORTODONCIA","TUBOS ROTH DERECHO INF / SOLDAR","MORELLI",,,,,,,,,"CJA X 10 UND",,,,29
"ORTODONCIA","TUBOS ROTH DERECHO SUP / PEGAR","MORELLI",,,,,,,,,"CJA X 10 UND",,,,13
"ORTODONCIA","TUBOS ROTH DERECHO SUP / SOLDAR","MORELLI",,,,,,,,,"CJA X 10 UND",,,,30
"ORTODONCIA","TUBOS ROTH IZQUIERDO INF / PEGAR","MORELLI",,,,,,,,,"CJA X 10 UND",,,,17
"ORTODONCIA","TUBOS ROTH IZQUIERDO INF / SOLDAR","MORELLI",,,,,,,,,"CJA X 10 UND",,,,33
"ORTODONCIA","TUBOS ROTH IZQUIERDO SUP / PEGAR","MORELLI",,,,,,,,,"CJA X 10 UND",,,,7
"ORTODONCIA","TUBOS ROTH IZQUIERDO SUP / SOLDAR","MORELLI",,,,,,,,,"CJA X 10 UND",,,,37
"ORTODONCIA","TUBOS SIMPLES ADHESIVOS/ PEGAR","MORELLI",,,,,,,,,"CJA X 10 UND",,,,
"ORTODONCIA","TUBOS TRIPLES  ROTH  IZQUIERDO INF / SOLDAR","MORELLI",,,,,,,,,"CJA X 10UND",,,,
"ORTODONCIA","TUBOS TRIPLES  ROTH DERECHO  INF/SOLDAR","MORELLI",,,,,,,,,"CJA X 10UND",,,,
"ORTODONCIA","TUBOS TRIPLES  ROTHI ZQUIERDO SUP /SOLDAR","MORELLI",,,,,,,,,"CJA X 10UND",,,,2
"ORTODONCIA","TUBOS TRIPLES ROTH DERECHO  INF / PEGAR","MORELLI",,,,,,,,,"CJA X 10 UND",,,,
"ORTODONCIA","TUBOS TRIPLES ROTH DERECHO  SUP / PEGAR","MORELLI",,,,,,,,,"CJA X 10 UND",,,,
"ORTODONCIA","TUBOS TRIPLES ROTH DERECHO  SUP / SOLDAR","MORELLI",,,,,,,,,"CJA X 10UND",,,,3
"ORTODONCIA","TUBOS TRIPLES ROTH IZQUIERDO INF / PEGAR","MORELLI",,,,,,,,,"CJA X 10 UND",,,,
"ORTODONCIA","TUBOS TRIPLES ROTH IZQUIERDO SUP / PEGAR","MORELLI",,,,,,,,,"CJA X 10 UND",,,,
"ORTODONCIA","VARILLAS TWIST FLEX","GRAL",,,,,,,,,"UNID",,,,
"PEDIATRIA","BABEROS PEDIATRICOS","GRAL","UNID",0,2,,,,,,"UNID",2,10,,
"PEDIATRIA","BABEROS PEDIATRICOS","GRAL",,,,,,,,,"UNID",,,,
"PEDIATRIA","IONOSIAL FOTOCURABLE  3 GR","VOCO",,,,,,,,,"JERINGA",,,,
"PEDIATRIA","SELLANTE PRIME DENT","GRAL",,,,,,,,,"JERINGA X 1.5 GR.",,,,1
"PERIODONCIA","SONDA PERIODONTAL","GRAL",,,,,,,,,"UNID",,,,
"PROTESIS","ACIDO FLUORHIDRICO PARA PORCELANA 2%","FGM ","JERINGA X 2.5 ML",0,0,"120 DIAS",,,,,"JERINGA X 2.5 ML",1,1,,1
"PROTESIS","ACRILICO DE AUTOCURADO LIQUIDO (MONOMERO)","VITACROM","FRASCO X 120 ML",0,0,"30 DIAS","FRASCO X 120 ML",0,0,"30 DIAS","FRASCO X 240 ML",1,1,,
"PROTESIS","ACRILICO DE AUTOCURADO POLVO # 59","VITACROM","FRASCO X 225 GR.",0,0,"360 DIAS","FRASCO X 225 GR.",0,0,"90 DIAS","FRASCO X 450 GR.",1,1,,
"PROTESIS","ACRILICO DE AUTOCURADO POLVO # 62","VITACROM","FRASCO X 225 GR.",0,0,"30 DIAS","FRASCO X 225 GR.",0,0,"30 DIAS","FRASCO X 450 GR.",1,1,,
"PROTESIS","ACRILICO DE AUTOCURADO POLVO # 66","VITACROM","FRASCO X 225 GR.",0,0,"360 DIAS","FRASCO X 225 GR.",0,0,"90 DIAS","FRASCO X 450 GR.",1,1,,
"PROTESIS","ACRILICO DE AUTOCURADO POLVO ROSADO","VITACROM","FRASCO X 225 GR.",0,0,"30 DIAS","FRASCO X 225 GR.",0,0,"30 DIAS","FRASCO X 450 GR.",1,1,,2
"PROTESIS","ACRILICO DE AUTOCURADO POLVO TRANSPARENTE","VITACROM","FRASCO X 225 GR.",0,0,"360 DIAS","FRASCO X 225 GR.",0,0,"90 DIAS","FRASCO X 450 GR.",1,1,,
"PROTESIS","ACRILICO DE TERMOCURADO LIQUIDO (MONOMERO)",,,,,,"FRASCO X 120 ML",0,0,"30 DIAS","FRASCO X 240 ML",1,1,,
"PROTESIS","ACRILICO DE TERMOCURADO POLVO # 59",,,,,,"FRASCO X 225 GR.",0,0,"90 DIAS","FRASCO X 450 GR.",1,1,,
"PROTESIS","ACRILICO DE TERMOCURADO POLVO # 62",,,,,,"FRASCO X 225 GR.",0,0,"60 DIAS","FRASCO X 450 GR.",1,1,,
"PROTESIS","ACRILICO DE TERMOCURADO POLVO # 66",,,,,,"FRASCO X 225 GR.",0,0,"90 DIAS","FRASCO X 450 GR.",1,1,,
"PROTESIS","ACRILICO DE TERMOCURADO POLVO ROSADO",,,,,,"FRASCO X 225 GR.",0,0,"30 DIAS","FRASCO X 450 GR.",1,1,,
"PROTESIS","ACRILICO DE TERMOCURADO POLVO TRANSPARENTE",,,,,,"FRASCO X 225 GR.",0,0,"60 DIAS","FRASCO X 450 GR.",1,1,,
"PROTESIS","ACRILICO DURALAY  ","RELIANCE","UNID",0,0,"30 DIAS",,,,,"KIT (56G Y 60 ML)",0,0,,
"PROTESIS","ALGINATO ","CROMAPRINT",,,,,,,,,"BOLSA X ",,,,4
"PROTESIS","CEMENTO PROVISIONAL ","GRAL","KIT",0,0,"5 MESES",,,,,"KIT",0,0,,
"PROTESIS","CERA AMARILLA PEGAJOSA","TOP WAX","UNID",1,2,"30 DIAS","UNID",0,1,"01 MES","CAJA X 10 BARRAS",0,1,,10
"PROTESIS","CERA AMARILLA PEGAJOSA","TOP WAX",,,,,,,,,"CAJA X 12 UNIDADES/88G",,,,
"PROTESIS","CERA BASE ROJA","TOP WAX","UNID",1,6,"30 DIAS","UNID",1,6,"01 MES","CAJA X 20 UNID",0,1,,
"PROTESIS","CERA BASE ROJA","TOP WAX",,,,,,,,,"CAJA X 20 UNID",,,,
"PROTESIS","CERA CERVICAL ROJO","YETY",,,,,,,,,"UNID X 10 GR",,,,
"PROTESIS","CERA PARA MODELAR","GEO CLASSIC",,,,,,,,,"UNID",,,,
"PROTESIS","CERA RODETE ","TOP WAX","UNID",1,3,"01 MES","UNID",1,3,"01 MES","CAJA X 10 BARRAS",0,1,,50
"PROTESIS","CERA RODETE ","TOP WAX",,,,,,,,,"CAJA",,,,
"PROTESIS","GLISERINA","GRAL",,,,,,,,,"UNID",,,,
"PROTESIS","GODIVA VERDE PARA IMPRESIONES TIPO 1","PERFECTIN","UNID",1,3,"UNO POR PACIENTE",,,,,"FRASCO X 12 UNID",1,1,,1
"PROTESIS","GUTAPERCHA EN BARRA","GRAL",,,,,,,,,"FRASCO",,,,6
"PROTESIS","POLIMERO ROSADO 226 GR","GRAL",,,,,,,,,"UNID",,,,
"REHABILITACION","DURALAY","GRAL",,,,,,,,,"UNID",,,,
"REHABILITACION","GODIVA LAPIZ","GRAL",,,,,,,,,"UNID",,,,
"REHABILITACION","GODIVA TABLETA","GRAL",,,,,,,,,"UNID",,,,
"REHABILITACION","HEMOSTATICO","GRAL",,,,,,,,,"UNID",,,,2
"REHABILITACION","PASTA ZINQUENOLICA","PERFEX",,,,,,,,,"KIT(ZINC OXIDE X 150G-EUGENOL X60G)",,,,
"TODOS","AGUA OXIGENADA","PORTUGAL","FRASCO X 500 ML",0,0,"MENSUAL",,,,,"FRASCO X 1000 ML",0,1,,1
"TODOS","AISLANTE PARA YESO","GENERAL",,,,,"FRASCO X 200 ML",0,0,"30 DIAS","FRASCO X 500 ML",1,1,,
"TODOS","ALCOHOL MEDICINAL","PORTUGAL",,,,,,,,,"FRASCOX 1000 ML",,,,
"TODOS","ALCOHOL PARA MECHERO","GRAL",,,,,,,,,"BOTELLA",,,,
"TODOS","ALGODÓN  ","CKF-HIDROFILO",,,,,,,,,"ROLLO X 1000GR",,,,1
"TODOS","BABERO ","GRAL",,,,,,,,,"UNID",,,,
"TODOS","BABERO DESCARTABLE BLANCO","GRAL","UNID",0,2,,,,,,"UNID",2,10,,
"TODOS","BABERO DESCARTABLE BLANCO","GRAL",,,,,,,,,"UNID",,,,
"TODOS","BANDEJAS ACANALADAS","GRAL",,,,,,,,,"UNID",,,,
"TODOS","BARBIJO   (MASCARILLA)","DOCHEM",,,,,,,,,"CAJA X 50 UND",,,,
"TODOS","BOLSA BLANCA","GRAL",,,,,,,,,"PAQUETES",,,,
"TODOS","BOLSA DE 5X10","GRAL",,,,,,,,,"PAQUETES",,,,
"TODOS","BOLSAS DE DESECHOS NEGRO","GRAL",,,,,,,,,"PAQUETES",,,,
"TODOS","BOLSAS ROJA","GRAL",,,,,,,,,"PAQUETES",,,,
"TODOS","CAMPOS DE TRABAJO","GRAL",,,,,,,,,"UNID",,,,61
"TODOS","CASTORIT LIQUIDO","DENTAURUM",,,,,,,,,"UNID X 150 GR",,,,3
"TODOS","CASTORIT POLVO","DENTAURUM",,,,,,,,,"BOLSA",,,,
"TODOS","CEMENTO DE OXIFOSFATO","GRAL",,,,,,,,,"UNID",,,,1
"TODOS","CEMENTO PROVISIONAL ","PROVICOL",,,,,,,,,"UNID",,,,
"TODOS","CEPILLOS INTERPROXIMALES","TDV",,,,,,,,,"CAJA X 12 UNIDADES",,,,
"TODOS","CINTA MATRIZ 5MM","GRAL",,,,,,,,,"ROLLO  0,05X500MM",,,,
"TODOS","CINTA MATRIZ 6MM","GRAL",,,,,,,,,"ROLLO 0,07X500MM",,,,0
"TODOS","CINTA MATRIZ 7MM","GRAL",,,,,,,,,"ROLLO 0,07X500MM",,,,
"TODOS","CINTA TEFLON","GRAL",,,,,,,,,"UNID",,,,
"TODOS","CLAMPS","SYSTEM 9",,,,,,,,,"PACK X 9 PIEZAS",,,,
"TODOS","CLORHEXIDINA 2%","LAB DELTA QUIMICA",,,,,,,,,"FRASCO X 1 00 ML LIQUIDO",,,,
"TODOS","CUÑAS DE MADERA","GRAL",,,,,,,,,"GRAL",,,,113
"TODOS","CUÑAS DE ROTACION (VIENE EN FORMA DE LLAVE)","GRAL",,,,,,,,,"BASTON X 10 UND",,,,
"TODOS","DICAL","DENTSPLY( HYDROC)",,,,,,,,,"KIT ( CAT. 11GR./13G.)",,,,1
"TODOS","DICALERO","GRAL",,,,,,,,,"UNID",,,,
"TODOS","DISCO DE CORTE","GRAL",,,,,,,,,"UNID",,,,
"TODOS","DISCO DE DESGASTE","GRAL",,,,,,,,,"UNID",,,,
"TODOS","DISCOS SOFLES","GRAL",,,,,,,,,"UNID",,,,
"TODOS","DORMONID ","GRAL",,,,,,,,,"CAPSULA DE 15 GR.",,,,2
"TODOS","DURAPHAT","COLGATE",,,,,,,,,"FRACSO X 10 ML",,,,
"TODOS","ESCOBILLA DE ROBINSON","GRAL",,,,,,,,,"UNID",,,,9
"TODOS","FIJADOR","KODAK",,,,,,,,,"UNID",,,,
"TODOS","FLUOR BARNIZ","GRAL",,,,,,,,,"AMPOLLA",,,,3
"TODOS","FLUOR GEL BASICO","GRAL",,,,,,,,,"UNID",,,,
"TODOS","FLUOR GEL NEUTRO","GRAL",,,,,,,,,"FRASCO X 240 ML.",,,,
"TODOS","FLUOR PROTECTOR EN AMPOLLA","GRAL",,,,,,,,,"GRAL",,,,
"TODOS","FOSFORO","GRAL",,,,,,,,,"PAQUETE X 10 UND",,,,
"TODOS","GANCHO PARA RX DE PLASTICO","GRAL",,,,,,,,,"UNID",,,,
"TODOS","GANCHO PARA RX METALICO","GRAL",,,,,,,,,"UNID",,,,
"TODOS","GASA","GRAL",,,,,,,,,"ROLLO",,,,
"TODOS","GOMAS DE PULIDO PARA RESINA","GRAL",,,,,,,,,"KIT",,,,
"TODOS","GORROS DESCARTABLES CELESTES","GRAL",,,,,,,,,"CAJA X 100 UND",,,,
"TODOS","GORROS DESCARTABLES TIPO GUSANO","GRAL",,,,,,,,,"CAJA X 100 UND",,,,5
"TODOS","GUANTES ESTERILES N°7","GRAL",,,,,,,,,"CAJA X 100 UND",,,,44
"TODOS","GUANTES QUIRURGICO","GRAL",,,,,,,,,"CAJA X 100 UND",,,,
"TODOS","GUANTES S","GRAL",,,,,,,,,"CAJA X 100 UND",,,,2
"TODOS","GUANTES XS""","GRAL",,,,,,,,,"CAJA X 100 UND",,,,3
"TODOS","GUANTES""M""","GRAL",,,,,,,,,"CAJA X 100 UND",,,,2
"TODOS","HILO DENTAL","DR. FLOSSI",,,,,,,,,"ROLLO",,,,3
"TODOS","INDURENT GEL (CATALIZADOR) ","ZHERMACK",,,,,,,,,"PASTA X 60 ML",,,,2
"TODOS","JERINGA DE 10 ML","GRAL",,,,,,,,,"UNID",,,,63
"TODOS","JERINGA DE 20 ML","GRAL",,,,,,,,,"UNID",,,,100
"TODOS","JERINGA DE TUBERCULINA","GRAL",,,,,,,,,"CAJA X 100 UND",,,,100
"TODOS","KIT SILICONA EN MASA","ZETA PLUS",,,,,,,,,"UNID",,,,1
"TODOS","LIDOCAINA ANESTESIA SPRAY 10%","ZK-INA ",,,,,,,,,"FRASCO X 115 ML",,,,1
"TODOS","LIGHT BODY ORAN WASH (ACTIVANTE)  ","ZHERMACK",,,,,,,,,"PASTA 140 ML.",,,,
"TODOS","LIJAR DE AGUA","GRAL",,,,,,,,,"PLANCHA",,,,6
"TODOS","LIJAR DE RESINA ","GRAL",,,,,,,,,"CAJA X 100 UNID 170X4 MM.",,,,
"TODOS","LIJAR METALICO ","TDV",,,,,,,,,"CAJA X 12 UNIDADES",,,,
"TODOS","LIQUIDO REVELADOR","GRAL",,,,,,,,,"UNID",,,,1
"TODOS","MANDRILES","GRAL",,,,,,,,,"UNID",,,,
"TODOS","MASCARILLA (BARBIJO)","DOCHEM","UNID",2,10,"SEMANAL",,,,,"CAJA X 50 UND",1,1,,100
"TODOS","MECHERO","GRAL",,,,,,,,,"UNID",,,,
"TODOS","MEPIVACAINA","GRAL",,,,,,,,,"UNID",,,,
"TODOS","METAL ","NPG",,,,,,,,,"UNID",,,,9
"LABRATORIO","MONOMERO (LIQUIDO RAPIDO) ","VITACRYL",,,,,,,,,"FRASCO 240 ML.",,,,3
"TODOS","OXIFOSFATO DE ZINC ","GRAL",,,,,,,,,"KIT (POLVO LIQUIDO)",,,,
"TODOS","PAÑOS ABSORVENTES","GRAL",,,,,,,,,"UNID",,,,
"TODOS","PAPEL DE ARTICULAR HEMIARCADA","GRAL",,,,,,,,,"PAQ X 12",,,,25
"TODOS","PAPEL HIGIENICO","GRAL",,,,,,,,,"UNID",,,,
"TODOS","PAPEL TOALLA","ELITE",,,,,,,,,"UNID",,,,
"TODOS","PASTA PROFILACTICA","DENTARFAR(EUFAR)",,,,,,,,,"FRASCO X  50 GR",,,,1
"TODOS","PERIOAID GRANDE 500 ML","DENTAID",,,,,,,,,"BOTELLA X 500 ML.",,,,
"TODOS","PERNO FIBRA DE VIDRIO #0","SUPERPOST",,,,,,,,,"KIT X 5 UNIDADES",,,,27
"TODOS","PERNO FIBRA DE VIDRIO #1","SUPERPOST",,,,,,,,,"KIT X 5 UNIDADES",,,,
"TODOS","PERNO FIBRA DE VIDRIO #2","SUPERPOST",,,,,,,,,"KIT X 5 UNIDADES",,,,
"TODOS","PERNO FIBRA DE VIDRIO #3","SUPERPOST",,,,,,,,,"KIT X 5 UNIDADES",,,,22
"TODOS","PERNO FIBRA DE VIDRIO #4","SUPERPOST",,,,,,,,,"KIT X 5 UNIDADES",,,,1
"TODOS","PIEDRA DE ARCANZA EN FORMA TRONCOCONICA (DESGASTE RESINA)","GRAL",,,,,,,,,"UNID",,,,8
"TODOS","PIEDRAS DE ACRILICO ROSADO","GRAL",,,,,,,,,"UNID",,,,
"TODOS","POLVO Y LIQUIDO","MERON",,,,,,,,,"UNID",,,,
"TODOS","POSICIONADOR","GRAL",,,,,,,,,"KIT X 4 UNIDADES",,,,
"TODOS","PROTECTOR DE MUCUOSA (TALLARIN )","MORELLI",,,,,,,,,"ROLLO X 3 MTS",,,,
"TODOS","PROVICOL","DENTSPLY",,,,,,,,,"KIT(BASE 42G X CATALIZADOR 15G)",,,,1
"TODOS","PUNTA LED","GRAL",,,,,,,,,"UNID",,,,
"TODOS","RADIOGRAFIA ADULTO","GRAL",,,,,,,,,"CAJA X 150",,,,56
"TODOS","RADIOGRAFIA OCLUSAL","GRAL",,,,,,,,,"UNID",,,,16
"TODOS","RADIOGRAFIA PEDIATRICA","GRAL",,,,,,,,,"CAJA X 100",,,,100
"TODOS","ROLLO DE PAPEL PARA ESTERILIZAR","GRAL",,,,,,,,,"UNID",,,,
"TODOS","SERVILLETAS","ELITE",,,,,,,,,"PAQUETES  X 50 UND)",,,,
"TODOS","SILANO","PROSIL - FGM",,,,,,,,,"UNID X 4 GR",,,,
"TODOS","SILICONA FLUIDA ACELERADOR","INDURENT GEL",,,,,,,,,"UNID X 60 ML",,,,
"TODOS","SILICONA FLUIDA BASE","ORANWASH",,,,,,,,,"UNID X 140 ML",,,,
"TODOS","SUCTOR","EURONDA/FIRSHCLASS",,,,,,,,,"PAQ X 100 UNIDADES",,,,100
"TODOS","SUERO FISIOLOGICO","GRAL",,,,,,,,,"UNID X 100 ML",,,,5
"TODOS","TACHOS DE BASURA","GRAL",,,,,,,,,"UNID",,,,
"TODOS","TETRACICLINA","FARMINDUSTRIA",,,,,,,,,"CAPSULAS X 500 MG",,,,10
"TODOS","TOALLAS BLANCAS","GRAL",,,,,,,,,"UNID",,,,
"TODOS","VASELINA","GRAL",,,,,,,,,"UNID",,,,1
"TODOS","VASOS DESCARTABLES ","GRAL",,,,,,,,,"PAQUETES X 5 UNIDADES",,,,
"TODOS","VASOS PEQUEÑOS","GRAL",,,,,,,,,"PAQUETES",,,,
"TODOS","WHITNESS KIT","GRAL",,,,,,,,,"UNID",,,,
"TODOS","YESO TIPO II","PENTADER",,,,,,,,,"BOLSA 1/2 KLG",,,,
"TODOS","YESO TIPO III","PENTADER",,,,,,,,,"BOLSA 1/2 KLG",,,,3
"TODOS","YESO TIPO IV","RUBIMIX",,,,,,,,,"BOLSA 1 KLG",,,,2
"TODOS","YODOFORMO","GRAL",,,,,,,,,"FRASCO",,,,
,"GOMAS DE PULIDO PARA ACRILICO","GRAL",,,,,,,,,"UNID",,,,
,"GOMAS DE PULIDO PARA IMAX","GRAL",,,,,,,,,"UNID",,,,
,"GOMAS DE PULIDO PARA METAL","GRAL",,,,,,,,,"UNID",,,,
,"GOMAS DE PULIDO PARA PORCELANA","GRAL",,,,,,,,,"UNID",,,,2
,"RESINA LISS","GRAL",,,,,,,,,,,,,
1,1,1,,,,,,,,,,,,,
1,1,1,,,,,,,,,,,,,
1,1,1,,,,,,,,,,,,,
,"DEXAMETASONA 4MG/2ML","GRAL",,,,,,,,,,,,,3
"CIRUGIA","AGUJA CON HILO 5.0 - NYLON AZUL","CIRUGIA PERUANA","UNID",1,5,"SEMANAL",,,,,"CAJA X 24 UND",1,1,,42
"CIRUGIA","AGUJA CON HILO 4.0 - NYLON AZUL","CIRUGIA PERUANA","UNID",1,5,"SEMANAL",,,,,"CAJA X 24 UND",1,1,,25
"ENDODONCIA","COLTOSOL","GRAL",,,,,,,,,,,,,1
"TODOS","VIOLETA DE GENGISIANA - NO SE USA","GRAL",,,,,,,,,,,,,1
"TODOS","GASA PREPARADA X 200 UNID","GRAL",,,,,,,,,,,,,2
"INSTRUMENTAL","CLAMP 205","GRAL","UNID",0,0,"PEDIDO",,,,,"UNID",0,0,"PEDIDO",1
"ENDODONCIA","CONOS DE GUTAPERCHA F2 CAJA X 50 UNID","ENDOMEDIC",,,,,,,,,"KIT X 6 UNID",,,,50
"ENDODONCIA","LIMAS K-FILE 25MM (035.06) MEDIUM","DESPLY",,,,,,,,,"UNID",,,,1
"ENDODONCIA","LIMAS K-FILE 25MM (045.06) LARGE","DESPLY",,,,,,,,,"UNID",,,,1
"ENDODONCIA","LIMAS K-FILE 25MM (020.07) SMALL","DESPLY",,,,,,,,,"UNID",,,,1
,"CLINDAMICINA - PASTILLA","GRAL",,,,,,,,,,,,,5
,"METRADINASOL - PASTILLA","GRAL",,,,,,,,,,,,,11
,"VISUPLAC - PASTILA","GRAL",,,,,,,,,,,,,4
"ESTETICA","RESINA EA3","LLIS ",,,,,,,,,"JERINGA X 3.5 O 4 GR.",,,,2
"ESTETICA","ACIDO FOSFORICO 37% (NO COMPRAR)","CONDAC","FRASCO X 13 GR.",0,1,"15 DIAS",,,,,"FRASCO X 13 GR.",1,2,,2
"ESTETICA","RESINA EA2","LLIS ",,,,,,,,,"JERINGA X 3.5 O 4 GR.",,,,2
"ESTETICA","RESINA ORTHOCEM","FGM",,,,,,,,,"JERINGA X 3.5 O 4 GR.",,,,2
"TODOS","LIQUIDO FIJADOR","KODAK",,,,,,,,,"UNID",,,,1
"LABORATORIO","REVESTIMIENTO PRESSVEST ","IVOCLAR VIVIADENT",,,,,,,,,,,,,5
"LABORATORIO","BORAX","GRAL",,,,,,,,,,,,,1
"LABORATORIO","GAS BUTANO (PARA ENCENDEDORES)","GRAL",,,,,,,,,,,,,1
"LABORATORIO","PINES DOBLES","GRAL",,,,,,,,,,,,,45
"LABORATORIO","BASE DENTINA 3M3","VITA",,,,,,,,,,,,,1
"LABORATORIO","PASTILLA E.MAX HT A1","IVOCLAR VIVIADENT",,,,,,,,,,,,,1
"LABORATORIO","PASTILLA E.MAX LT  A1","IVOCLAR VIVIADENT",,,,,,,,,,,,,4
"LABORATORIO","PASTILLA E.MAX HO 0","IVOCLAR VIVIADENT",,,,,,,,,,,,,5
"LABORATORIO","PASTILLA E.MAX MT A1","IVOCLAR VIVIADENT",,,,,,,,,,,,,0
"LABORATORIO","PASTILLA E.MAX HT A2","IVOCLAR VIVIADENT",,,,,,,,,,,,,5
"LABORATORIO","PASTILLA E.MAX LT BL1","IVOCLAR VIVIADENT",,,,,,,,,,,,,4
"LABORATORIO","KIT LIBRE DE PORCELANA",,,,,,,,,,,,,,
"CIRUGIA","AGUJA PARA JERINGA 21 MM DESCARTABLE","GRAL","UNID",10,50,"SEMANAL",,,,,"CAJA X 100 UND",1,2,,78
"TODOS","JERINGA DE 1 ML","GRAL",,,,,,,,,"UNID",,,,203
"TODOS","GUANTES ESTERILES N°6.5","GRAL",,,,,,,,,"CAJA X 100 UND",,,,22
"INSTRUMENTAL","FRESA FISURA DORADA","GRAL","UNID",0,0,"PEDIDO",,,,,"UNID",2,4,"PEDIDO",2
"INSTRUMENTAL","TOPE DE GOMA MEDIANO","GRAL","UNID",0,0,"PEDIDO",,,,,"PAQ X 3",1,3,"PEDIDO",1
"INSTRUMENTAL","TOPE DE GOMA PEQUEÑO","GRAL","UNID",0,0,"PEDIDO",,,,,"PAQ X 3",1,3,"PEDIDO",3
